farmer_id,land_size,irrigation_type,crop_type,avg_yield,yield_stability_score,crop_diversity_index,soil_ph,organic_carbon,soil_fertility_score,rainfall_deviation,drought_frequency,temperature_variability_index,loan_amount,loan_to_land_ratio,past_default
F0001,45.24,Flood,Maize,3.8,0.49,0.74,7.2,1.89,0.67,18.0,0.9,0.53,983875.73,21747.92,0
F0002,45.19,Sprinkler,Cotton,2.68,0.13,0.72,7.0,0.65,0.01,19.7,1.0,0.7,490077.57,10844.82,0
F0003,46.41,Flood,Soybean,2.58,0.22,0.72,5.4,0.61,0.67,-44.9,3.9,0.28,262064.05,5646.72,0
F0004,74.51,Drip,Wheat,3.1,0.11,0.84,8.4,2.92,0.72,47.6,0.5,0.79,962133.14,12912.81,0
F0005,12.02,Drip,Cotton,2.5,0.67,0.1,6.0,0.83,0.74,-17.1,0.3,0.93,627712.08,52222.3,0
F0006,90.87,Flood,Maize,4.16,0.83,0.19,7.8,2.18,0.49,-45.5,1.5,0.91,119041.9,1310.02,0
F0007,6.79,Drip,Soybean,1.53,0.43,0.46,7.1,1.55,0.29,11.6,2.2,0.12,584586.37,86095.19,1
F0008,31.67,Flood,Cotton,3.02,0.06,0.15,5.8,2.4,0.05,-33.4,4.0,0.34,964408.09,30451.79,1
F0009,66.95,Drip,Wheat,3.24,0.38,0.83,4.9,1.45,0.35,31.3,0.6,0.34,499861.01,7466.18,0
F0010,39.63,Flood,Rice,1.61,0.35,0.38,6.6,1.59,0.56,-46.9,2.9,0.65,75768.11,1911.89,0
F0011,11.67,Drip,Wheat,4.12,0.39,0.83,7.9,1.41,0.29,25.5,3.1,0.67,711931.63,61005.28,1
F0012,41.67,Sprinkler,Cotton,3.8,0.71,0.34,5.4,2.67,0.58,14.2,4.1,0.81,881508.18,21154.5,0
F0013,75.41,Drip,Cotton,3.62,0.21,0.49,7.9,3.35,0.85,-39.5,3.3,0.35,678535.72,8997.95,0
F0014,98.13,Drip,Rice,4.28,0.07,0.58,7.7,1.63,0.86,-21.0,3.1,0.41,215608.28,2197.17,0
F0015,78.84,Drip,Rice,2.82,0.61,0.22,4.6,2.18,0.84,25.3,3.2,0.24,847487.91,10749.47,0
F0016,2.11,Flood,Cotton,1.65,0.23,0.25,8.3,2.44,0.12,-8.9,4.0,0.57,178259.98,84483.4,1
F0017,87.17,Sprinkler,Cotton,3.33,0.33,0.89,6.3,0.74,0.2,0.4,2.3,0.06,482276.12,5532.59,0
F0018,58.62,Flood,Maize,4.28,0.37,0.37,6.5,1.65,0.02,38.9,4.5,0.23,194180.64,3312.53,0
F0019,70.67,Drip,Cotton,1.75,0.6,0.91,6.6,1.96,0.82,31.6,3.7,0.03,103819.7,1469.08,0
F0020,57.9,Drip,Soybean,3.85,0.39,0.18,8.3,3.14,0.98,43.0,2.1,0.49,264743.74,4572.43,0
F0021,57.24,Drip,Cotton,2.66,0.9,0.89,7.2,2.89,0.54,46.5,1.6,0.98,953072.83,16650.47,0
F0022,6.15,Drip,Wheat,2.25,0.86,0.9,7.6,1.68,0.48,-47.0,4.6,0.5,186298.76,30292.48,0
F0023,73.13,Drip,Soybean,2.34,0.49,0.82,6.8,3.09,0.31,10.0,4.5,0.56,779478.87,10658.81,0
F0024,34.67,Sprinkler,Soybean,3.62,0.12,0.33,7.6,1.92,0.21,25.6,1.1,0.13,464323.75,13392.67,0
F0025,80.43,Sprinkler,Soybean,4.09,0.49,0.28,5.7,0.79,0.06,47.6,0.1,0.43,178477.69,2219.04,0
F0026,54.24,Sprinkler,Soybean,4.33,0.5,0.58,5.7,3.1,0.52,32.9,4.2,0.9,296698.06,5470.1,0
F0027,45.71,Sprinkler,Soybean,3.88,0.95,0.88,6.4,1.16,0.7,-28.2,4.4,0.39,271409.85,5937.65,0
F0028,81.43,Sprinkler,Rice,4.1,0.38,0.53,4.6,3.18,0.29,-15.7,3.6,0.62,225683.69,2771.51,0
F0029,56.62,Drip,Rice,2.76,0.57,0.88,7.9,2.1,0.95,-9.0,2.9,0.5,345213.08,6097.02,0
F0030,96.03,Sprinkler,Rice,4.49,0.58,0.79,4.7,1.11,0.25,36.6,1.7,0.93,236619.1,2464.01,0
F0031,74.6,Flood,Maize,1.3,0.9,0.1,6.6,0.89,0.49,-25.6,4.5,0.09,874284.8,11719.64,0
F0032,14.37,Sprinkler,Soybean,1.38,0.03,0.24,6.8,0.59,0.64,-43.5,1.2,0.05,272712.01,18977.87,0
F0033,95.34,Sprinkler,Soybean,3.03,0.01,0.22,5.8,0.9,0.41,-8.1,1.3,0.4,995420.82,10440.75,0
F0034,85.05,Sprinkler,Maize,3.17,0.64,0.83,7.0,2.6,0.59,-42.9,1.8,0.86,677191.56,7962.28,0
F0035,60.88,Drip,Rice,2.65,0.43,0.98,7.6,1.18,0.05,20.7,3.3,0.36,658781.72,10820.99,0
F0036,25.27,Drip,Rice,2.54,0.65,0.89,5.5,2.68,0.82,46.0,1.4,0.94,38765.0,1534.03,0
F0037,69.33,Drip,Cotton,4.06,0.75,0.27,5.5,1.02,0.36,-30.1,3.6,0.39,373106.53,5381.6,0
F0038,7.6,Flood,Maize,3.2,0.62,0.26,7.7,3.14,0.77,43.4,3.8,0.79,540435.56,71109.94,1
F0039,68.01,Flood,Rice,1.6,0.95,0.72,4.9,2.59,0.14,-13.0,1.8,0.08,691301.62,10164.71,0
F0040,17.1,Flood,Soybean,1.8,0.18,0.79,5.6,0.75,0.94,26.1,3.3,0.15,930162.17,54395.45,1
F0041,59.3,Sprinkler,Rice,4.28,0.48,0.74,5.2,2.13,0.4,-9.0,4.0,0.73,928444.72,15656.74,0
F0042,48.14,Sprinkler,Cotton,3.97,0.81,0.49,6.2,2.72,0.69,23.3,0.6,0.64,766436.03,15920.98,0
F0043,3.23,Drip,Maize,3.97,0.8,0.48,8.2,1.29,0.45,23.1,3.0,0.94,40539.43,12550.91,0
F0044,50.18,Drip,Rice,3.19,0.49,0.71,6.6,3.3,0.13,3.6,1.7,0.15,964975.19,19230.27,0
F0045,68.55,Sprinkler,Wheat,2.92,0.72,0.7,6.3,1.66,0.45,10.5,0.5,0.79,353153.36,5151.76,0
F0046,48.31,Sprinkler,Maize,3.36,0.73,0.78,7.2,0.62,0.16,-8.5,4.2,0.92,276439.94,5722.21,0
F0047,74.88,Drip,Rice,3.87,0.33,0.87,5.1,1.47,0.73,17.6,2.7,0.72,950637.29,12695.48,0
F0048,82.35,Drip,Cotton,3.05,0.2,0.87,7.5,2.72,0.46,4.2,2.3,0.26,446969.65,5427.68,0
F0049,20.78,Flood,Soybean,1.44,0.64,0.73,4.6,1.16,0.64,44.0,2.7,0.5,151187.52,7275.63,0
F0050,3.57,Sprinkler,Rice,4.8,0.01,0.84,6.0,2.91,0.42,-43.5,1.7,0.59,858072.87,240356.55,1
F0051,27.21,Drip,Maize,3.81,0.45,0.1,5.2,0.68,0.85,-3.0,4.1,0.89,830296.69,30514.4,0
F0052,41.68,Flood,Maize,2.2,0.41,0.1,6.0,2.83,0.77,15.6,4.7,0.6,175774.93,4217.25,0
F0053,46.28,Sprinkler,Soybean,3.93,0.74,0.39,6.5,0.59,0.21,-43.7,1.1,0.85,393272.83,8497.68,0
F0054,96.4,Sprinkler,Cotton,4.99,0.94,0.75,6.1,0.57,0.44,-37.9,3.6,0.42,257987.13,2676.22,0
F0055,87.44,Drip,Rice,3.21,0.3,0.6,5.4,2.06,0.89,28.5,4.9,0.89,967208.25,11061.39,0
F0056,56.69,Drip,Wheat,3.28,0.17,0.44,5.8,2.87,0.07,24.1,0.9,0.46,303998.22,5362.47,0
F0057,67.84,Sprinkler,Cotton,2.49,0.06,0.13,7.2,1.89,0.43,21.4,4.8,0.52,645314.97,9512.31,0
F0058,4.46,Drip,Wheat,3.2,0.29,0.4,8.1,3.08,0.81,11.3,3.7,0.04,550832.36,123505.01,1
F0059,44.11,Sprinkler,Rice,3.97,0.56,0.43,6.3,2.85,0.5,-21.0,3.3,0.8,78146.67,1771.63,0
F0060,91.3,Drip,Wheat,2.74,0.84,0.55,7.7,1.7,0.58,-36.0,0.5,0.1,718949.98,7874.59,0
F0061,24.16,Flood,Cotton,4.51,0.26,0.88,5.2,0.78,0.76,45.4,3.0,0.57,723297.82,29937.82,0
F0062,37.2,Drip,Wheat,1.75,0.59,0.2,6.4,0.97,0.48,-28.6,4.5,0.02,787903.59,21180.2,0
F0063,83.92,Sprinkler,Rice,3.13,0.26,0.02,6.4,2.72,0.75,38.3,4.1,0.2,784242.45,9345.12,0
F0064,39.81,Drip,Cotton,2.9,0.66,0.64,5.6,3.36,0.98,-33.7,2.6,0.72,324816.37,8159.17,0
F0065,7.32,Flood,Cotton,3.83,0.03,0.99,5.7,0.96,0.95,-26.5,4.1,0.72,781272.54,106731.22,1
F0066,72.51,Flood,Maize,3.27,0.86,0.98,7.4,1.72,0.85,-5.1,2.6,0.92,887137.3,12234.69,0
F0067,92.05,Sprinkler,Soybean,1.68,0.06,0.42,4.9,2.05,0.69,-23.9,2.6,0.32,320336.2,3480.02,0
F0068,39.01,Drip,Maize,4.64,0.38,0.96,6.3,1.88,0.41,-34.9,3.9,0.16,896368.75,22977.92,0
F0069,23.94,Drip,Cotton,4.95,0.96,0.03,5.1,1.37,0.47,26.8,2.0,0.16,768500.01,32101.09,0
F0070,29.53,Drip,Maize,1.24,0.37,0.98,6.7,2.21,0.35,-30.6,2.0,0.41,282105.53,9553.18,0
F0071,1.77,Flood,Wheat,2.13,0.44,0.03,5.1,2.16,0.93,-31.2,2.0,0.12,646404.23,365200.13,1
F0072,68.1,Drip,Soybean,3.97,0.26,0.53,6.5,1.24,0.59,-48.4,2.1,0.13,821790.95,12067.41,0
F0073,40.72,Flood,Maize,1.87,0.74,0.02,6.1,2.97,0.9,-3.2,2.6,0.43,5510.13,135.32,0
F0074,99.18,Flood,Cotton,3.13,0.53,0.24,6.1,0.69,0.94,-40.5,0.9,0.55,150923.25,1521.71,0
F0075,90.27,Sprinkler,Wheat,1.24,0.26,0.98,6.5,2.26,0.77,40.6,3.9,0.6,745839.9,8262.32,0
F0076,27.64,Flood,Cotton,2.12,0.28,0.24,5.4,2.06,0.52,-14.0,0.3,0.3,365452.48,13221.87,0
F0077,30.0,Sprinkler,Rice,3.01,1.0,0.3,6.3,1.55,0.76,-14.5,3.3,0.25,609260.98,20308.7,0
F0078,31.15,Drip,Rice,4.66,0.24,0.04,8.3,3.18,0.21,-44.0,4.8,0.04,743854.51,23879.76,0
F0079,46.15,Drip,Rice,4.92,0.82,0.01,5.0,2.07,0.35,19.6,2.1,0.37,711414.02,15415.26,0
F0080,19.43,Flood,Soybean,3.77,0.57,0.19,5.9,0.67,0.08,20.2,3.1,0.2,395763.03,20368.66,0
F0081,71.83,Flood,Soybean,4.9,0.23,0.16,5.2,2.97,0.95,-31.5,3.7,0.59,465268.94,6477.36,0
F0082,15.41,Drip,Rice,4.6,0.1,0.36,4.7,1.4,0.11,-1.8,3.3,0.17,319881.46,20758.04,0
F0083,61.81,Flood,Cotton,1.84,0.58,0.31,8.3,3.17,0.43,-23.3,3.7,0.72,28014.36,453.23,0
F0084,17.76,Drip,Wheat,4.47,0.1,0.58,5.2,1.68,0.53,16.3,4.3,0.45,50744.41,2857.23,0
F0085,48.05,Flood,Wheat,2.76,0.7,0.94,8.0,2.55,0.58,27.3,1.2,0.81,660206.6,13739.99,0
F0086,30.75,Drip,Soybean,2.79,0.9,0.12,4.6,2.79,0.49,23.4,0.2,0.24,74533.6,2423.86,0
F0087,33.98,Sprinkler,Soybean,2.02,0.83,0.53,6.3,2.19,0.16,2.4,3.2,0.41,637011.91,18746.67,0
F0088,23.35,Flood,Rice,3.09,0.82,0.19,5.7,2.84,0.16,-17.3,3.6,0.57,523760.91,22430.87,0
F0089,72.12,Drip,Maize,3.92,0.67,0.55,5.5,2.24,0.97,15.8,2.7,0.44,743691.76,10311.87,0
F0090,41.89,Flood,Rice,2.25,0.01,0.97,8.1,1.47,0.75,-38.0,4.5,0.77,21622.35,516.17,0
F0091,62.79,Sprinkler,Rice,3.89,0.22,0.11,5.4,2.2,0.13,-22.1,1.0,0.26,6799.16,108.28,0
F0092,35.62,Sprinkler,Cotton,1.76,0.76,0.89,6.1,0.76,0.26,-5.3,0.6,0.38,666182.45,18702.48,0
F0093,54.93,Sprinkler,Soybean,3.29,0.53,0.46,8.4,0.85,0.95,15.7,0.6,0.02,39301.4,715.48,0
F0094,28.41,Drip,Cotton,1.72,0.08,0.94,8.0,2.13,0.24,-35.9,4.3,0.43,173297.27,6099.87,0
F0095,81.92,Sprinkler,Soybean,2.59,0.49,0.17,5.2,0.6,0.24,10.7,4.2,0.32,211333.39,2579.75,0
F0096,48.43,Sprinkler,Wheat,4.91,0.81,0.91,7.3,3.21,0.8,-43.9,4.0,0.21,604638.83,12484.8,0
F0097,35.2,Flood,Soybean,4.8,0.28,0.62,5.9,1.09,0.9,-16.6,0.5,0.17,948599.18,26948.84,0
F0098,27.62,Drip,Maize,1.21,0.7,0.69,8.3,1.19,0.56,42.6,2.2,0.59,202989.49,7349.37,0
F0099,85.88,Drip,Soybean,3.37,0.84,0.1,6.8,2.39,0.64,-5.7,3.7,0.65,333533.73,3883.72,0
F0100,18.88,Flood,Rice,3.65,0.32,0.68,5.2,3.44,0.26,5.0,0.4,0.71,537680.88,28478.86,0
F0101,16.35,Flood,Rice,3.52,0.84,0.52,6.8,1.38,0.13,-29.7,1.0,0.63,145691.2,8910.78,0
F0102,28.27,Sprinkler,Cotton,2.56,0.59,0.84,6.6,0.65,0.63,-29.4,2.6,0.28,255787.56,9048.02,0
F0103,81.44,Sprinkler,Rice,1.0,0.86,0.67,6.6,1.22,0.39,12.3,0.9,0.16,818666.41,10052.39,0
F0104,13.97,Drip,Wheat,2.95,0.92,0.08,7.5,2.33,0.36,-1.8,4.6,0.07,76081.19,5446.04,0
F0105,10.08,Sprinkler,Cotton,3.94,0.97,0.15,6.1,2.39,0.45,38.7,4.2,0.26,596417.63,59168.42,1
F0106,45.44,Flood,Rice,2.36,0.58,0.49,4.6,2.82,0.91,-33.9,2.5,0.66,291090.95,6406.05,0
F0107,57.03,Flood,Rice,3.08,0.89,0.34,4.6,0.99,0.71,-43.2,2.4,0.78,919170.12,16117.31,0
F0108,60.13,Drip,Wheat,2.3,0.61,0.17,4.9,2.6,0.49,-23.3,1.0,0.0,167345.71,2783.07,0
F0109,21.84,Sprinkler,Rice,4.0,0.42,0.35,7.3,1.44,0.96,-43.8,4.8,0.7,989482.6,45305.98,0
F0110,73.25,Sprinkler,Wheat,2.52,0.84,0.45,6.8,1.31,0.69,47.4,1.8,0.79,591541.85,8075.66,0
F0111,62.78,Flood,Cotton,2.61,0.79,0.92,8.2,1.63,0.17,-7.7,2.1,0.67,595740.6,9489.34,0
F0112,59.1,Sprinkler,Cotton,4.65,0.57,0.18,7.8,2.0,0.57,35.3,4.8,0.75,305292.94,5165.7,0
F0113,31.39,Drip,Soybean,3.91,0.29,0.67,5.8,0.52,0.42,-45.3,0.0,0.71,897247.7,28583.87,0
F0114,84.64,Drip,Maize,1.31,0.78,0.96,5.1,3.28,0.12,35.2,2.4,0.21,686870.34,8115.2,0
F0115,87.71,Flood,Soybean,4.55,0.64,0.68,4.9,0.76,0.93,14.6,2.3,0.58,479682.42,5468.96,0
F0116,50.85,Flood,Cotton,3.8,0.7,0.47,7.4,0.6,0.33,42.7,4.9,0.36,831771.02,16357.35,0
F0117,93.47,Flood,Soybean,4.59,0.13,0.45,5.1,2.69,0.81,-4.8,0.5,0.55,498298.77,5331.11,0
F0118,32.08,Sprinkler,Rice,3.2,0.8,0.91,6.6,2.33,0.63,43.5,4.9,0.01,416219.13,12974.41,0
F0119,84.02,Sprinkler,Rice,1.32,0.43,0.98,7.2,2.87,0.93,-34.6,3.8,0.11,455584.6,5422.34,0
F0120,86.35,Drip,Cotton,4.99,0.66,0.9,5.5,2.37,0.64,4.5,1.4,0.42,234485.94,2715.53,0
F0121,24.36,Drip,Rice,1.02,0.91,0.49,6.8,2.05,0.61,16.3,1.8,0.32,610771.69,25072.73,0
F0122,41.33,Drip,Soybean,3.83,0.78,0.3,5.0,1.34,0.62,-35.0,2.8,0.25,23915.91,578.66,0
F0123,50.97,Sprinkler,Maize,1.74,0.71,0.13,6.6,2.45,0.64,28.3,3.5,0.75,160700.58,3152.85,0
F0124,82.95,Drip,Maize,1.53,0.41,0.9,6.7,1.03,0.77,2.5,1.2,0.33,522013.02,6293.1,0
F0125,49.75,Drip,Rice,1.38,0.23,0.35,8.0,1.43,0.39,23.2,5.0,0.6,239161.15,4807.26,0
F0126,73.44,Drip,Maize,1.04,0.34,0.3,6.6,1.05,0.54,7.4,4.6,0.34,563422.79,7671.88,0
F0127,28.66,Flood,Maize,3.46,0.94,0.25,6.8,0.77,0.46,32.7,4.0,0.84,110048.6,3839.8,0
F0128,43.29,Flood,Soybean,2.56,0.38,0.24,5.4,0.86,0.76,-24.6,3.4,0.03,768146.95,17744.21,0
F0129,1.8,Sprinkler,Wheat,1.79,0.68,0.88,4.6,3.33,0.26,1.1,1.1,0.45,791979.76,439988.76,1
F0130,65.22,Drip,Rice,3.09,0.59,0.08,8.0,1.33,0.21,12.5,3.1,0.5,333864.66,5119.05,0
F0131,53.25,Drip,Soybean,4.07,0.71,0.41,6.4,2.88,0.56,48.9,1.9,0.88,687937.1,12919.01,0
F0132,17.13,Flood,Maize,1.77,0.03,0.66,5.7,2.98,0.78,-17.5,3.9,0.28,614216.96,35856.21,0
F0133,95.49,Sprinkler,Soybean,4.09,0.93,0.01,6.6,2.8,0.13,16.0,2.3,0.95,529466.52,5544.73,0
F0134,89.2,Drip,Rice,4.75,0.97,0.67,4.7,0.61,0.91,22.3,0.1,0.3,672806.74,7542.68,0
F0135,46.65,Sprinkler,Wheat,4.33,0.79,0.2,4.9,1.34,0.11,-40.1,1.1,0.63,337861.33,7242.47,0
F0136,32.55,Flood,Maize,2.7,0.94,0.26,7.4,1.84,0.15,-37.9,1.5,0.33,861514.41,26467.42,0
F0137,66.53,Drip,Soybean,3.3,0.95,0.3,5.4,0.59,0.88,-38.4,1.2,0.97,34636.53,520.62,0
F0138,17.1,Sprinkler,Cotton,2.23,0.58,0.33,7.5,3.35,0.36,-24.9,0.9,0.47,609621.83,35650.4,0
F0139,95.15,Drip,Cotton,3.34,0.49,0.03,6.3,1.2,0.98,27.6,2.1,0.58,563637.15,5923.67,0
F0140,68.46,Flood,Cotton,4.97,0.4,0.01,5.9,2.46,0.11,43.6,0.2,0.47,330409.14,4826.31,0
F0141,97.93,Sprinkler,Maize,3.44,0.16,0.63,5.3,0.92,0.09,-23.1,1.3,0.65,938140.61,9579.71,0
F0142,79.48,Drip,Soybean,4.46,0.71,0.22,4.8,1.17,0.48,-45.9,4.2,0.22,684363.78,8610.52,0
F0143,98.35,Drip,Soybean,2.7,0.2,0.44,6.1,1.14,0.35,38.1,3.0,0.43,124311.37,1263.97,0
F0144,83.47,Sprinkler,Cotton,2.6,0.54,0.42,6.4,1.57,0.28,-47.4,1.8,0.03,207944.99,2491.25,0
F0145,93.23,Flood,Rice,3.39,0.18,0.76,7.5,2.03,0.48,-40.1,1.3,0.15,332730.9,3568.93,0
F0146,6.44,Flood,Rice,4.14,0.8,0.77,5.3,2.43,0.97,-41.3,2.9,0.41,261551.21,40613.54,0
F0147,10.95,Sprinkler,Maize,1.1,0.2,0.95,7.4,2.85,0.03,31.0,4.9,0.32,694830.41,63454.83,1
F0148,12.02,Sprinkler,Rice,1.15,0.58,0.09,5.6,2.54,0.36,-12.6,3.2,0.83,865705.28,72022.07,1
F0149,85.26,Sprinkler,Soybean,3.14,0.12,0.68,6.4,1.77,0.42,-30.2,0.3,0.7,935291.18,10969.87,0
F0150,91.01,Flood,Soybean,2.18,0.07,0.87,4.7,3.2,0.48,46.2,2.4,0.81,551291.53,6057.48,0
F0151,79.53,Flood,Cotton,2.26,0.86,0.83,6.8,2.97,0.79,-40.6,1.7,0.39,804320.07,10113.42,0
F0152,36.72,Sprinkler,Soybean,2.04,0.2,0.26,4.7,3.24,0.73,-41.5,3.2,0.87,647081.18,17622.04,0
F0153,46.95,Flood,Soybean,3.19,0.57,0.14,6.5,1.27,0.54,19.2,1.5,0.76,494670.03,10536.1,0
F0154,62.16,Drip,Soybean,2.12,0.87,0.43,7.0,1.51,0.23,4.7,1.6,0.62,375225.31,6036.44,0
F0155,90.55,Sprinkler,Wheat,4.29,0.25,0.3,7.6,1.41,0.97,-35.1,4.7,0.85,120764.12,1333.67,0
F0156,42.19,Drip,Cotton,3.31,0.78,0.08,6.5,2.17,0.5,-42.1,2.3,0.48,863895.21,20476.3,0
F0157,49.03,Sprinkler,Maize,4.84,0.72,0.62,7.3,2.42,0.38,-15.0,3.7,0.63,896514.03,18285.01,0
F0158,23.72,Sprinkler,Maize,4.47,0.63,0.51,5.6,1.29,0.82,10.5,0.1,0.3,163527.59,6894.08,0
F0159,57.01,Sprinkler,Cotton,2.99,0.39,0.81,6.5,2.65,0.73,-17.1,4.7,0.52,246317.92,4320.61,0
F0160,56.97,Sprinkler,Maize,2.53,0.79,0.54,7.5,0.98,0.88,30.7,0.7,0.16,725007.27,12726.12,0
F0161,1.13,Sprinkler,Cotton,4.73,0.01,0.61,7.0,2.17,0.25,-1.2,0.0,0.27,200319.47,177273.87,1
F0162,97.73,Flood,Soybean,2.43,0.19,0.66,5.3,1.75,0.16,29.3,3.0,0.65,483839.64,4950.78,0
F0163,90.2,Flood,Soybean,4.83,0.06,0.47,7.9,1.6,0.2,-30.4,2.9,0.2,13854.02,153.59,0
F0164,40.07,Sprinkler,Cotton,3.69,0.91,0.24,7.6,3.41,0.9,1.4,2.6,0.82,86580.02,2160.72,0
F0165,66.58,Drip,Maize,1.61,0.99,0.53,6.3,1.72,0.58,10.4,0.9,0.62,422377.41,6343.91,0
F0166,52.22,Flood,Cotton,1.02,0.93,0.48,6.3,1.36,0.88,31.9,4.7,0.21,717967.26,13748.89,0
F0167,80.8,Drip,Wheat,4.23,0.02,0.19,5.4,1.16,0.93,12.7,0.4,0.45,983219.59,12168.56,0
F0168,92.11,Sprinkler,Wheat,1.62,0.4,0.29,5.9,3.37,0.59,7.9,1.3,0.35,314286.06,3412.07,0
F0169,37.56,Drip,Rice,1.13,0.21,0.71,6.1,1.02,0.9,35.0,0.7,0.94,75035.1,1997.74,0
F0170,52.21,Sprinkler,Cotton,2.84,0.48,0.55,5.7,0.55,0.71,-7.5,0.2,0.34,241130.37,4618.47,0
F0171,33.38,Flood,Cotton,2.42,0.22,0.38,6.5,1.94,0.55,10.9,4.1,0.36,9800.61,293.61,0
F0172,67.93,Flood,Cotton,2.85,0.24,0.42,7.6,1.37,0.72,-32.6,0.1,0.13,899832.15,13246.46,0
F0173,50.7,Flood,Soybean,3.21,0.83,0.82,6.7,0.61,0.52,29.3,0.8,0.14,386233.07,7618.01,0
F0174,94.76,Flood,Soybean,2.15,0.22,0.61,4.9,3.38,0.58,37.7,0.0,0.72,703437.52,7423.36,0
F0175,4.65,Flood,Cotton,1.69,0.93,0.18,5.9,2.13,0.31,37.6,1.2,0.76,10546.27,2268.02,0
F0176,39.16,Flood,Rice,1.56,0.6,0.52,6.1,2.48,0.21,-26.3,2.2,0.7,589970.77,15065.65,0
F0177,37.25,Flood,Soybean,4.74,0.06,0.17,7.4,3.25,0.04,-42.8,3.7,0.37,887926.61,23836.96,1
F0178,87.25,Flood,Cotton,4.56,0.81,0.43,7.7,2.07,0.98,32.8,0.6,0.48,873403.28,10010.35,0
F0179,33.06,Flood,Wheat,4.73,0.44,0.77,5.3,3.28,0.54,22.1,4.7,0.11,590585.98,17864.06,0
F0180,52.54,Sprinkler,Wheat,1.18,0.23,0.42,5.1,1.55,0.86,44.0,4.7,0.97,957273.4,18219.9,0
F0181,45.35,Sprinkler,Maize,4.73,0.84,0.06,8.0,0.62,0.95,-38.6,3.7,0.45,823061.95,18149.11,0
F0182,10.15,Drip,Cotton,1.94,0.05,0.14,5.9,2.01,0.77,-37.0,3.4,0.14,634276.48,62490.29,1
F0183,64.77,Sprinkler,Maize,2.24,0.43,0.31,7.1,1.51,0.64,42.4,2.6,0.01,882163.47,13619.94,0
F0184,11.58,Flood,Maize,2.81,0.74,0.54,6.1,3.34,0.08,12.8,2.8,0.7,55962.68,4832.7,0
F0185,35.7,Flood,Soybean,3.61,0.12,0.79,5.7,0.67,0.33,-18.5,4.3,0.87,313762.78,8788.87,0
F0186,95.2,Sprinkler,Rice,1.98,0.74,0.44,5.1,0.71,0.61,10.3,1.1,0.23,848548.08,8913.32,0
F0187,90.15,Sprinkler,Soybean,2.8,0.83,0.71,7.2,2.55,0.51,41.7,1.5,0.27,465101.54,5159.2,0
F0188,80.32,Drip,Maize,2.3,0.38,0.14,5.2,1.09,0.36,-8.6,0.6,0.59,864407.65,10762.05,0
F0189,23.41,Sprinkler,Wheat,2.08,0.72,0.29,6.9,1.38,0.32,-24.0,3.2,0.42,860020.34,36737.31,0
F0190,3.51,Flood,Wheat,4.77,0.38,0.08,7.2,1.35,0.38,45.5,2.9,0.99,612867.92,174606.25,1
F0191,65.3,Flood,Cotton,3.67,0.26,0.68,7.3,1.84,0.43,2.3,0.8,0.99,27938.56,427.85,0
F0192,80.5,Drip,Maize,4.95,0.37,0.52,6.7,2.53,0.96,-49.6,0.4,0.78,309961.7,3850.46,0
F0193,36.01,Drip,Rice,4.98,0.91,0.21,6.2,1.56,0.7,41.1,4.6,0.67,237608.95,6598.42,0
F0194,93.1,Drip,Rice,2.34,0.39,0.19,8.4,1.94,0.41,-27.8,0.2,0.83,736833.8,7914.43,0
F0195,73.93,Sprinkler,Cotton,1.76,0.32,0.32,5.7,3.3,0.59,-17.4,4.4,0.99,400641.04,5419.19,0
F0196,18.08,Drip,Maize,3.21,0.7,0.71,5.8,1.2,0.8,7.7,2.5,0.72,632129.15,34962.9,0
F0197,44.08,Flood,Maize,3.89,0.76,0.9,6.3,1.92,0.3,-36.0,2.3,0.94,712835.04,16171.39,0
F0198,65.85,Flood,Soybean,2.79,0.58,0.51,7.3,1.95,0.06,48.8,1.9,0.29,671561.75,10198.36,0
F0199,78.82,Drip,Soybean,2.07,0.87,0.59,6.6,0.76,0.53,-42.6,1.2,0.96,196272.71,2490.14,0
F0200,62.88,Flood,Rice,1.14,0.91,0.5,6.8,2.29,0.77,10.9,2.4,0.2,486784.54,7741.48,0
F0201,72.41,Sprinkler,Cotton,3.66,0.87,0.25,4.7,2.85,0.07,7.0,3.9,0.39,81939.62,1131.61,0
F0202,48.32,Sprinkler,Maize,4.26,0.75,0.79,5.5,1.38,0.06,29.6,4.4,0.5,507030.93,10493.19,0
F0203,71.31,Flood,Soybean,4.07,0.58,0.1,8.3,1.68,0.4,-39.2,2.2,0.9,212053.58,2973.69,0
F0204,34.54,Sprinkler,Maize,2.75,0.24,0.75,6.8,2.89,0.5,14.0,1.6,0.56,452072.66,13088.38,0
F0205,79.96,Flood,Maize,1.88,0.23,0.64,6.4,0.89,0.83,17.8,4.2,0.64,246760.81,3086.05,0
F0206,85.58,Flood,Rice,2.34,0.89,0.51,7.5,1.99,0.91,13.2,0.7,0.99,514694.64,6014.19,0
F0207,87.58,Sprinkler,Cotton,2.94,0.56,0.35,7.5,3.03,0.99,-21.4,1.3,0.86,517005.62,5903.24,0
F0208,81.7,Sprinkler,Soybean,1.02,0.07,0.11,6.6,0.72,0.34,8.9,3.4,0.06,517073.97,6328.93,0
F0209,8.84,Sprinkler,Rice,3.79,0.31,0.41,6.7,0.97,0.09,-12.9,1.4,0.49,652062.01,73762.67,1
F0210,22.77,Sprinkler,Maize,2.68,0.76,0.75,5.6,1.79,0.82,-2.2,4.4,0.93,321213.15,14106.86,0
F0211,41.99,Flood,Maize,4.59,0.03,0.2,6.2,2.62,0.54,-44.1,0.2,0.34,811922.66,19336.1,0
F0212,35.74,Flood,Cotton,4.82,0.69,0.98,8.0,2.26,0.93,26.0,2.1,0.15,168387.19,4711.45,0
F0213,12.58,Flood,Cotton,2.97,0.73,0.21,8.3,2.66,0.56,-16.6,3.2,0.12,569825.91,45296.18,0
F0214,53.5,Flood,Cotton,2.75,0.95,0.69,5.2,2.58,0.78,-22.9,0.6,1.0,136058.01,2543.14,0
F0215,88.65,Drip,Maize,3.87,0.94,0.16,7.2,2.29,0.93,13.9,0.1,0.92,911416.81,10281.07,0
F0216,81.89,Flood,Cotton,3.07,0.31,0.06,8.1,3.08,0.53,-29.8,4.3,0.43,980624.53,11974.9,0
F0217,15.41,Sprinkler,Cotton,3.76,0.27,0.96,5.6,1.02,0.22,39.3,4.3,0.06,521465.72,33839.44,1
F0218,2.31,Sprinkler,Wheat,3.98,0.87,0.18,5.1,2.6,0.82,-33.1,2.5,0.55,684817.32,296457.71,1
F0219,91.85,Flood,Soybean,4.14,0.98,0.47,6.4,2.33,0.52,15.3,0.9,0.89,603487.88,6570.36,0
F0220,54.27,Drip,Cotton,2.61,0.35,0.26,5.4,2.5,0.06,38.5,3.0,0.35,408588.78,7528.81,0
F0221,46.17,Sprinkler,Soybean,4.55,0.31,0.66,6.9,3.07,0.32,12.5,2.9,0.75,900577.54,19505.69,0
F0222,71.25,Flood,Cotton,2.51,0.31,0.03,8.5,1.99,0.27,10.6,2.5,0.22,505215.22,7090.74,0
F0223,46.92,Sprinkler,Rice,4.3,0.1,0.17,6.9,1.41,0.11,13.4,4.4,0.68,515476.33,10986.28,0
F0224,99.79,Flood,Maize,2.13,0.27,0.48,6.3,2.12,0.27,42.5,2.4,0.96,664914.64,6663.14,0
F0225,38.63,Drip,Rice,3.29,0.58,0.18,4.7,1.89,0.2,-4.4,1.9,0.73,501907.49,12992.69,0
F0226,96.48,Flood,Maize,2.99,0.32,0.35,4.5,2.63,0.78,-28.8,4.9,0.66,854705.08,8858.88,0
F0227,90.22,Flood,Rice,4.0,0.07,0.2,5.7,3.15,0.09,23.8,2.9,0.43,941875.38,10439.76,0
F0228,65.55,Sprinkler,Maize,4.76,0.57,0.25,5.2,2.71,0.29,-20.3,3.3,0.14,142048.13,2167.02,0
F0229,57.88,Sprinkler,Soybean,4.24,0.66,0.3,7.9,3.48,0.44,0.2,1.2,0.09,79930.05,1380.96,0
F0230,6.21,Flood,Rice,1.92,0.63,0.0,8.1,2.07,0.55,49.7,4.5,1.0,430136.7,69265.17,1
F0231,11.47,Sprinkler,Soybean,1.64,0.05,0.87,5.0,0.83,0.75,47.5,1.4,0.6,509364.89,44408.45,1
F0232,78.55,Sprinkler,Maize,3.22,0.44,0.39,8.4,2.46,0.87,20.6,0.3,0.72,826302.05,10519.44,0
F0233,89.12,Flood,Cotton,3.22,0.21,0.34,4.8,0.98,0.59,-15.9,1.6,0.31,256637.02,2879.68,0
F0234,98.4,Flood,Soybean,1.5,0.23,0.05,5.5,1.87,0.48,23.2,1.2,0.82,125478.65,1275.19,0
F0235,61.26,Drip,Wheat,2.45,0.66,0.1,8.2,1.22,0.04,-30.1,1.8,0.86,596507.44,9737.31,0
F0236,45.58,Flood,Rice,1.81,0.59,0.79,6.8,1.97,0.15,42.6,4.4,0.06,425810.29,9342.04,0
F0237,56.53,Sprinkler,Cotton,3.91,0.55,0.85,7.0,1.37,0.52,-25.4,3.0,0.12,375663.19,6645.38,0
F0238,37.06,Sprinkler,Maize,2.3,0.1,0.75,6.1,2.29,0.99,-3.7,3.1,0.2,662473.49,17875.7,0
F0239,40.82,Sprinkler,Rice,2.45,0.49,0.96,7.2,2.84,0.83,12.1,0.2,0.91,64359.15,1576.66,0
F0240,10.68,Drip,Wheat,3.54,0.12,0.93,7.5,2.37,0.18,10.9,4.3,0.73,583224.06,54608.99,1
F0241,25.22,Drip,Wheat,4.32,0.9,0.59,5.0,0.8,0.52,-8.7,1.8,0.12,163792.8,6494.56,0
F0242,19.22,Drip,Cotton,4.45,0.16,0.3,6.5,0.8,0.36,-8.3,4.7,0.14,719104.62,37414.39,0
F0243,88.35,Flood,Soybean,4.48,0.71,0.72,7.3,1.76,0.76,37.2,4.2,0.48,330751.81,3743.65,0
F0244,82.42,Drip,Soybean,1.99,0.78,0.91,4.6,1.06,0.12,38.1,0.9,0.56,914328.44,11093.53,0
F0245,92.85,Drip,Wheat,3.64,0.24,0.81,6.1,0.74,0.06,-5.9,1.2,0.46,153174.33,1649.7,0
F0246,65.59,Drip,Maize,3.67,0.42,0.09,7.0,2.52,0.78,-34.9,2.8,0.62,822416.19,12538.74,0
F0247,88.32,Flood,Cotton,3.59,0.68,0.79,7.4,2.72,0.82,-29.6,1.7,0.1,22935.41,259.69,0
F0248,70.21,Drip,Maize,3.62,0.76,0.14,5.5,2.1,0.92,-1.3,3.8,0.01,180002.49,2563.77,0
F0249,76.38,Drip,Soybean,4.16,0.99,0.36,4.8,3.24,0.64,-9.1,1.6,0.2,175790.04,2301.52,0
F0250,30.35,Sprinkler,Soybean,1.75,0.83,0.95,5.8,2.93,0.24,18.4,1.4,0.1,983824.11,32415.95,0
F0251,86.97,Flood,Wheat,2.93,0.6,0.38,7.1,1.52,0.37,26.7,2.5,0.89,187193.4,2152.39,0
F0252,47.31,Sprinkler,Wheat,3.72,0.94,0.11,8.1,0.95,0.84,42.3,2.0,0.1,918625.88,19417.16,0
F0253,90.44,Sprinkler,Soybean,3.3,0.52,0.66,5.5,3.17,0.49,-5.4,0.6,0.82,124810.98,1380.04,0
F0254,79.15,Drip,Rice,3.01,0.05,0.95,7.0,2.23,0.13,18.5,0.6,0.01,77507.35,979.25,0
F0255,11.33,Flood,Cotton,3.17,0.48,0.6,7.4,0.78,0.36,7.2,3.4,0.66,766375.35,67641.25,1
F0256,39.01,Flood,Rice,2.23,0.48,0.85,4.9,2.98,0.56,32.5,0.5,0.95,615844.39,15786.83,0
F0257,37.09,Drip,Soybean,3.23,0.14,0.69,5.9,1.51,0.4,29.0,0.3,0.51,436301.74,11763.33,0
F0258,30.79,Sprinkler,Cotton,2.82,0.93,0.03,4.6,0.59,0.65,-32.2,2.3,0.3,792039.15,25723.91,0
F0259,55.07,Drip,Rice,2.74,0.23,0.94,6.3,2.17,0.88,-40.5,1.1,0.53,861668.51,15646.79,0
F0260,32.56,Drip,Soybean,1.38,0.02,0.98,6.0,2.72,0.75,-13.1,3.5,0.81,742023.83,22789.43,0
F0261,33.27,Sprinkler,Soybean,2.08,0.3,0.06,5.0,2.28,0.88,16.8,3.8,0.75,764555.47,22980.33,0
F0262,74.86,Drip,Rice,2.09,0.53,0.45,7.8,2.68,0.03,12.1,5.0,0.39,92191.42,1231.52,0
F0263,80.36,Drip,Rice,4.26,0.94,0.25,7.1,1.21,0.3,-41.1,4.3,0.72,553693.63,6890.16,0
F0264,89.92,Sprinkler,Wheat,4.46,0.59,0.12,4.6,0.78,0.53,-15.2,3.7,0.84,554119.04,6162.36,0
F0265,57.96,Sprinkler,Rice,1.35,0.76,0.83,7.7,2.33,0.3,-44.3,1.8,0.69,394982.95,6814.75,0
F0266,57.94,Sprinkler,Maize,4.44,0.51,0.79,5.6,2.13,0.65,8.3,4.9,0.17,8182.52,141.22,0
F0267,43.12,Flood,Soybean,2.49,0.08,0.86,6.8,0.53,0.79,46.4,4.7,0.76,100632.51,2333.78,0
F0268,20.04,Flood,Wheat,4.71,0.29,0.9,7.6,0.91,0.34,19.3,2.9,0.54,390951.82,19508.57,0
F0269,94.43,Flood,Cotton,4.85,0.51,0.72,7.9,2.08,0.53,5.6,4.6,0.9,985437.57,10435.64,0
F0270,90.43,Flood,Cotton,4.07,0.43,0.45,5.1,0.94,0.7,46.1,0.2,0.41,837906.16,9265.8,0
F0271,11.48,Flood,Maize,3.03,0.06,0.45,6.5,2.38,0.78,35.2,2.7,0.89,425751.95,37086.41,0
F0272,52.28,Sprinkler,Cotton,3.26,0.13,0.32,5.1,0.98,0.39,18.4,1.8,0.04,386109.16,7385.41,0
F0273,22.18,Drip,Wheat,1.73,0.67,0.33,6.8,1.34,0.66,-9.9,1.0,0.65,374347.14,16877.69,0
F0274,19.09,Drip,Maize,1.37,0.71,0.28,4.8,0.91,0.26,-0.6,4.8,0.55,440360.89,23067.62,0
F0275,83.36,Flood,Wheat,3.57,0.31,0.98,7.6,1.08,0.55,12.9,5.0,0.3,167110.64,2004.69,0
F0276,89.92,Sprinkler,Cotton,4.26,0.78,0.59,5.4,3.43,0.1,-11.9,2.1,0.59,658094.63,7318.67,0
F0277,12.09,Drip,Rice,2.62,0.81,0.48,6.6,0.87,0.68,33.2,3.0,0.25,966872.81,79972.94,1
F0278,40.94,Sprinkler,Maize,1.85,0.11,0.5,7.5,0.65,0.9,-26.2,2.7,0.25,78368.85,1914.24,0
F0279,58.99,Sprinkler,Cotton,3.48,0.29,0.14,7.3,2.37,0.88,13.3,0.9,0.08,878208.19,14887.41,0
F0280,70.78,Drip,Soybean,3.21,0.21,0.55,7.5,1.81,0.28,-32.0,4.7,0.84,728067.55,10286.35,0
F0281,84.77,Flood,Cotton,2.4,0.46,0.27,7.6,2.83,0.5,6.2,1.6,0.56,27466.47,324.01,0
F0282,4.76,Flood,Rice,1.3,0.26,0.59,8.2,3.47,0.09,40.6,3.3,0.4,162433.0,34124.58,1
F0283,24.86,Flood,Cotton,2.4,0.78,0.34,7.5,3.28,0.4,15.0,0.1,0.2,328069.18,13196.67,0
F0284,13.05,Flood,Maize,3.44,0.62,0.17,5.4,3.39,0.73,-8.9,2.3,0.55,266254.93,20402.68,0
F0285,89.24,Sprinkler,Soybean,2.36,0.19,0.12,6.1,2.61,0.32,4.1,4.1,0.86,524272.26,5874.86,0
F0286,79.83,Sprinkler,Rice,1.84,0.32,0.67,5.9,2.72,0.84,8.0,1.2,0.61,648180.68,8119.51,0
F0287,49.5,Drip,Cotton,2.26,0.17,0.65,6.0,2.73,0.09,24.5,0.5,0.17,815548.26,16475.72,0
F0288,72.49,Sprinkler,Maize,3.75,0.34,0.35,5.2,3.11,0.61,-22.9,2.8,0.89,754973.46,10414.86,0
F0289,76.17,Drip,Soybean,4.97,0.23,1.0,7.0,2.07,0.71,-23.4,4.2,0.93,612756.26,8044.59,0
F0290,55.62,Flood,Maize,2.51,0.76,0.27,6.4,2.34,0.93,44.1,0.9,0.42,417104.18,7499.18,0
F0291,82.31,Sprinkler,Rice,1.05,0.78,0.04,6.3,1.48,0.68,-25.3,0.4,0.42,691825.64,8405.12,0
F0292,64.05,Sprinkler,Cotton,4.37,0.29,0.29,7.0,2.76,0.43,2.1,3.9,0.35,119286.88,1862.4,0
F0293,65.49,Flood,Soybean,3.02,0.22,0.88,6.7,0.72,0.22,-18.4,1.0,0.81,820594.65,12530.08,0
F0294,42.56,Sprinkler,Wheat,4.79,0.37,0.06,6.7,0.63,0.58,-27.2,2.6,0.26,520256.42,12224.07,0
F0295,15.31,Drip,Cotton,1.11,0.03,0.53,6.2,1.88,0.08,14.8,2.7,0.61,496642.05,32439.06,0
F0296,58.61,Drip,Maize,2.83,0.11,0.41,7.5,2.12,0.05,25.5,4.1,0.31,688780.95,11751.94,0
F0297,73.34,Sprinkler,Wheat,3.99,0.32,0.61,8.2,0.77,0.97,20.2,3.3,0.86,420500.92,5733.58,0
F0298,15.97,Drip,Soybean,3.63,0.07,0.76,8.3,2.6,0.51,-34.6,1.0,0.4,298053.85,18663.36,0
F0299,9.85,Sprinkler,Maize,4.63,0.92,0.21,7.1,2.91,0.44,15.1,4.8,0.14,273539.83,27770.54,0
F0300,72.8,Drip,Soybean,3.1,0.96,0.83,4.8,2.84,0.74,42.7,0.9,0.36,42609.81,585.3,0
F0301,62.4,Sprinkler,Soybean,2.11,0.8,0.59,6.3,2.83,0.4,6.0,4.1,0.2,247625.25,3968.35,0
F0302,48.61,Drip,Cotton,2.75,0.45,0.69,6.8,2.13,0.55,-21.7,1.9,0.66,849501.19,17475.85,0
F0303,71.24,Flood,Rice,1.97,0.06,0.83,5.3,0.53,0.6,-11.0,3.6,0.46,861146.4,12087.96,0
F0304,72.15,Drip,Rice,4.96,0.88,0.82,5.9,3.36,0.56,12.4,2.2,0.32,411667.47,5705.72,0
F0305,29.39,Flood,Cotton,1.47,0.0,0.58,5.7,1.66,0.18,40.0,0.1,0.5,613050.79,20859.16,0
F0306,55.71,Sprinkler,Wheat,3.15,0.52,0.3,6.8,2.4,0.92,-21.2,1.1,0.86,409177.58,7344.78,0
F0307,81.1,Sprinkler,Cotton,3.2,0.76,0.6,8.3,0.55,0.08,-8.2,0.7,0.44,664850.55,8197.91,0
F0308,84.62,Drip,Rice,4.07,0.16,1.0,7.3,0.54,0.65,41.7,3.7,0.31,391928.17,4631.63,0
F0309,69.85,Flood,Soybean,3.46,0.05,0.04,5.2,1.69,0.94,6.1,4.8,0.59,643827.61,9217.29,0
F0310,64.83,Flood,Soybean,2.66,0.52,0.4,4.9,3.33,0.32,-45.2,2.0,0.65,549414.41,8474.69,0
F0311,2.6,Drip,Wheat,2.23,0.28,0.42,7.4,2.88,0.43,-30.9,2.4,0.89,656769.04,252603.48,1
F0312,21.46,Flood,Rice,1.27,0.71,0.81,7.6,0.9,0.06,-8.3,4.8,0.97,302541.05,14097.91,0
F0313,23.58,Sprinkler,Rice,2.74,0.68,0.27,8.2,3.03,0.83,16.3,4.9,0.19,833009.56,35326.95,0
F0314,77.49,Sprinkler,Rice,4.94,0.88,0.19,7.8,1.52,0.03,-47.1,1.8,0.85,768854.13,9921.98,0
F0315,52.09,Drip,Maize,4.63,0.3,0.88,7.1,1.82,0.74,18.4,3.6,0.66,560690.26,10763.88,0
F0316,96.94,Flood,Soybean,1.35,0.28,0.07,5.9,0.67,0.37,-34.5,3.9,0.48,933603.59,9630.74,0
F0317,23.95,Sprinkler,Cotton,1.95,0.46,0.93,5.3,3.12,0.82,-31.0,1.7,0.07,185223.45,7733.76,0
F0318,97.81,Drip,Wheat,4.2,0.75,0.34,6.3,3.04,0.0,25.4,2.9,0.35,355563.2,3635.24,0
F0319,62.89,Flood,Wheat,2.76,0.14,0.8,7.3,1.46,0.19,5.2,4.2,0.77,660006.53,10494.62,0
F0320,47.79,Sprinkler,Wheat,2.47,0.18,0.99,6.2,3.33,0.4,27.2,3.5,0.77,32673.34,683.69,0
F0321,52.26,Sprinkler,Cotton,1.42,0.49,0.89,5.6,1.01,0.86,-18.1,1.6,0.44,83349.02,1594.89,0
F0322,92.44,Drip,Wheat,1.25,0.49,0.26,7.5,1.88,0.74,-25.6,4.9,0.38,414387.95,4482.78,0
F0323,98.85,Drip,Soybean,4.01,0.42,0.91,6.4,2.43,0.77,40.8,0.9,0.15,255311.98,2582.82,0
F0324,29.84,Drip,Soybean,4.54,0.12,0.63,4.6,0.77,0.86,12.4,2.6,0.12,910203.44,30502.8,0
F0325,54.11,Drip,Soybean,4.26,0.18,0.77,4.7,3.35,0.84,-39.8,2.3,0.5,304368.09,5624.99,0
F0326,95.23,Sprinkler,Cotton,4.82,0.81,0.81,5.7,2.26,0.49,13.2,4.7,0.93,747726.25,7851.79,0
F0327,51.44,Sprinkler,Maize,2.75,0.21,0.63,7.2,1.65,0.51,-12.4,3.6,0.11,249777.57,4855.71,0
F0328,62.11,Sprinkler,Cotton,1.8,0.47,0.94,5.4,1.18,0.82,12.3,1.7,0.37,572509.54,9217.67,0
F0329,64.02,Sprinkler,Soybean,2.87,0.45,0.2,7.1,1.55,0.98,0.9,0.3,0.42,184312.91,2878.99,0
F0330,18.18,Flood,Rice,4.53,0.48,0.23,5.6,2.22,0.51,38.2,1.2,0.7,804239.95,44237.62,0
F0331,54.58,Flood,Wheat,1.74,0.38,0.62,7.3,3.2,0.05,25.5,2.3,0.87,784714.87,14377.33,0
F0332,6.01,Sprinkler,Cotton,2.94,0.7,0.28,8.0,2.35,0.99,15.6,4.9,0.91,251579.51,41860.15,0
F0333,97.64,Drip,Wheat,3.03,0.05,0.63,6.4,1.04,0.98,-7.2,0.3,0.57,38642.61,395.77,0
F0334,72.02,Sprinkler,Rice,1.06,0.89,0.11,5.3,2.85,0.03,-7.1,2.8,0.83,38210.69,530.56,0
F0335,7.36,Sprinkler,Wheat,1.73,0.53,0.09,5.4,3.18,0.73,21.2,2.3,0.15,46653.76,6338.83,0
F0336,42.53,Sprinkler,Maize,1.9,0.68,0.86,5.1,2.83,0.0,-43.1,0.2,0.13,638721.79,15018.15,0
F0337,1.88,Drip,Cotton,3.02,0.03,0.04,4.8,0.89,0.86,-24.0,4.2,0.17,732008.01,389365.96,1
F0338,27.2,Sprinkler,Wheat,4.82,0.76,0.8,5.4,2.89,0.65,-24.4,1.0,0.22,169841.77,6244.18,0
F0339,94.85,Drip,Rice,4.18,0.36,0.13,7.3,2.08,0.41,27.2,3.1,0.87,869252.05,9164.49,0
F0340,37.34,Flood,Wheat,2.61,0.18,0.33,5.6,0.94,0.41,21.7,0.4,0.53,169094.3,4528.5,0
F0341,71.65,Sprinkler,Rice,4.87,0.68,0.28,5.1,2.46,0.85,14.8,1.3,0.5,723540.7,10098.27,0
F0342,75.84,Flood,Soybean,4.29,0.53,0.94,4.9,2.92,0.23,-36.0,3.3,0.31,812838.73,10717.81,0
F0343,94.11,Flood,Wheat,1.9,0.71,0.53,6.5,2.47,0.35,44.4,3.3,0.82,981119.83,10425.25,0
F0344,30.5,Sprinkler,Soybean,2.83,0.93,0.3,7.3,0.51,0.48,42.6,2.0,0.73,712722.13,23367.94,0
F0345,58.6,Sprinkler,Cotton,2.75,0.8,0.13,5.5,3.02,0.85,26.3,0.3,0.03,670387.73,11440.06,0
F0346,44.63,Flood,Rice,3.64,0.77,0.54,6.9,1.15,0.77,49.2,2.0,0.4,868756.87,19465.76,0
F0347,30.93,Drip,Rice,3.56,0.07,0.74,5.8,0.57,0.67,47.9,4.7,0.83,77126.85,2493.59,0
F0348,12.04,Flood,Wheat,2.72,0.02,0.89,8.1,2.62,0.77,-13.3,3.4,0.16,649519.39,53946.79,1
F0349,73.41,Drip,Soybean,2.8,0.88,0.77,5.4,3.39,0.94,-2.8,3.9,0.33,517883.78,7054.68,0
F0350,6.34,Sprinkler,Rice,2.23,0.97,0.42,7.0,1.76,0.04,26.5,3.3,0.87,61828.97,9752.2,0
F0351,84.77,Drip,Soybean,4.0,0.33,0.35,4.6,1.46,0.02,2.3,3.6,0.56,512748.82,6048.71,0
F0352,80.96,Flood,Wheat,2.31,0.02,0.63,5.9,3.38,0.42,44.9,1.1,0.67,140159.34,1731.22,0
F0353,86.12,Sprinkler,Cotton,3.13,0.69,0.61,8.0,2.75,0.82,-7.0,3.0,0.05,627465.72,7285.95,0
F0354,29.42,Drip,Cotton,1.95,0.73,0.95,5.5,2.77,0.91,-26.0,1.8,0.09,584405.97,19864.24,0
F0355,50.83,Sprinkler,Soybean,3.1,0.22,0.02,7.7,1.8,0.91,33.4,2.7,0.18,480542.13,9453.91,0
F0356,56.24,Drip,Soybean,3.75,0.22,0.52,6.5,2.84,0.13,24.4,1.5,0.56,918075.19,16324.24,0
F0357,88.49,Flood,Wheat,1.51,0.27,0.56,7.7,2.67,0.24,17.9,2.0,0.77,346459.92,3915.24,0
F0358,4.2,Flood,Cotton,1.48,0.22,0.91,6.8,2.04,0.9,-17.1,2.6,0.9,877464.85,208920.2,1
F0359,73.21,Drip,Rice,3.91,0.22,0.37,5.4,2.19,0.81,-36.8,1.4,0.0,434145.31,5930.14,0
F0360,26.49,Drip,Wheat,1.82,0.23,0.77,6.5,1.02,0.69,-26.7,4.4,0.74,180386.7,6809.61,0
F0361,71.51,Flood,Soybean,4.66,0.39,0.06,5.0,1.4,0.2,-3.9,0.2,0.09,608170.02,8504.68,0
F0362,13.81,Sprinkler,Cotton,2.74,0.39,0.97,7.5,2.16,0.27,-45.0,0.6,0.21,614156.26,44471.85,1
F0363,12.89,Drip,Cotton,4.02,0.05,0.45,5.0,1.7,0.12,-44.0,1.0,0.17,93684.73,7268.02,0
F0364,79.81,Flood,Wheat,2.52,0.25,0.98,6.1,0.58,0.67,-20.9,3.0,0.76,687368.4,8612.56,0
F0365,11.15,Flood,Maize,1.5,0.43,0.16,5.5,2.93,0.55,-23.5,0.4,0.35,407634.58,36559.16,0
F0366,90.22,Flood,Wheat,1.38,0.73,0.19,5.1,0.83,0.76,40.8,4.3,0.62,142259.5,1576.81,0
F0367,44.21,Drip,Rice,3.6,0.06,0.63,5.2,1.14,0.84,-12.8,0.5,0.59,246900.27,5584.72,0
F0368,96.84,Sprinkler,Wheat,1.18,0.83,0.51,7.9,2.26,0.19,45.9,4.7,0.59,605579.3,6253.4,0
F0369,76.06,Drip,Wheat,1.78,0.45,0.5,7.4,2.67,0.83,-28.4,2.7,0.28,239832.05,3153.2,0
F0370,48.0,Sprinkler,Cotton,1.62,0.28,0.82,5.7,1.78,0.67,40.9,4.1,0.02,560353.47,11674.03,0
F0371,98.2,Flood,Rice,2.91,0.07,0.1,8.4,0.8,0.91,-34.1,3.3,0.75,224519.49,2286.35,0
F0372,55.03,Flood,Cotton,4.93,0.49,0.64,6.8,2.93,0.01,-0.5,1.2,0.37,60372.08,1097.08,0
F0373,32.1,Sprinkler,Cotton,4.7,0.11,0.37,7.0,1.94,0.16,-25.5,3.5,0.13,741904.49,23112.29,0
F0374,28.44,Flood,Rice,1.76,0.95,0.03,7.9,2.67,0.52,44.5,1.3,0.41,766833.47,26963.2,0
F0375,67.39,Flood,Maize,2.06,0.8,0.68,6.0,2.92,0.13,-22.0,1.3,0.86,894848.67,13278.66,0
F0376,42.2,Drip,Soybean,1.55,0.64,0.48,6.0,1.9,0.48,-38.3,4.7,0.6,537384.91,12734.24,0
F0377,76.84,Flood,Cotton,2.68,0.12,0.61,5.2,2.89,0.95,-5.1,4.8,0.76,423365.31,5509.7,0
F0378,18.51,Sprinkler,Rice,1.86,0.5,0.69,7.7,3.5,0.34,-4.9,0.9,0.45,576626.48,31152.16,0
F0379,82.2,Flood,Rice,2.17,0.48,0.34,7.7,2.33,0.44,-37.0,3.3,0.08,370886.12,4512.0,0
F0380,35.09,Flood,Cotton,3.27,0.85,0.74,7.8,1.36,0.44,14.2,2.0,0.88,692055.1,19722.29,0
F0381,80.5,Drip,Maize,4.3,0.99,0.68,4.5,2.24,0.49,-21.9,2.1,0.84,46446.72,576.98,0
F0382,31.87,Sprinkler,Rice,4.52,0.37,0.97,8.3,0.59,0.07,46.7,1.9,0.94,16552.3,519.37,0
F0383,52.94,Sprinkler,Maize,2.28,0.16,0.68,5.0,1.91,0.24,-3.6,3.4,0.89,749260.28,14153.01,0
F0384,18.76,Sprinkler,Rice,2.6,0.26,0.53,6.2,1.85,0.54,16.1,2.9,0.98,773664.37,41240.11,0
F0385,80.08,Flood,Cotton,1.97,0.52,0.93,5.0,2.24,0.44,-22.1,3.7,0.37,877880.67,10962.55,0
F0386,12.22,Flood,Maize,1.25,0.81,0.84,8.5,0.55,0.25,-44.4,3.7,0.28,572373.49,46839.07,1
F0387,39.73,Flood,Rice,3.2,0.87,0.38,6.6,1.1,0.39,15.0,3.0,0.26,298140.01,7504.15,0
F0388,38.9,Drip,Cotton,1.91,0.3,0.55,6.2,3.24,0.54,20.2,0.4,0.13,878459.27,22582.5,0
F0389,91.58,Sprinkler,Wheat,2.15,0.93,0.8,7.7,1.6,0.75,30.7,0.5,0.53,508251.3,5549.81,0
F0390,30.4,Sprinkler,Maize,1.21,0.93,0.87,5.3,1.75,0.46,-35.7,0.1,0.85,809772.97,26637.27,0
F0391,8.72,Drip,Wheat,4.27,0.79,0.98,7.6,3.26,0.28,31.3,0.7,0.13,356132.32,40840.86,0
F0392,1.99,Sprinkler,Wheat,1.65,0.81,0.14,7.0,1.27,0.79,2.2,2.8,0.95,835621.05,419910.08,1
F0393,57.03,Sprinkler,Rice,1.75,0.35,0.09,6.4,1.41,0.76,-5.8,3.7,0.94,124253.35,2178.74,0
F0394,83.41,Sprinkler,Wheat,3.29,1.0,0.57,4.9,2.9,0.72,41.3,4.8,0.67,142042.1,1702.94,0
F0395,32.61,Sprinkler,Rice,3.57,0.53,0.78,5.4,0.6,0.32,-34.2,3.5,0.44,672570.37,20624.67,0
F0396,82.57,Sprinkler,Rice,4.53,0.29,0.48,7.6,3.05,0.5,-10.2,0.5,0.31,229762.98,2782.64,0
F0397,98.88,Flood,Cotton,4.01,0.67,0.85,7.2,0.57,0.6,-7.9,3.4,0.09,475991.97,4813.83,0
F0398,21.41,Drip,Wheat,4.8,0.01,0.68,8.1,1.43,0.83,38.7,1.7,0.21,302881.32,14146.72,0
F0399,99.5,Drip,Rice,2.22,0.66,0.07,7.5,2.52,0.55,45.0,4.6,0.52,32093.28,322.55,0
F0400,63.92,Sprinkler,Maize,4.44,0.97,0.3,4.9,0.52,0.36,-17.4,3.6,0.08,727679.74,11384.23,0
F0401,51.08,Sprinkler,Maize,2.87,0.36,0.5,5.3,0.96,0.4,18.6,2.6,0.38,126865.25,2483.66,0
F0402,14.97,Drip,Wheat,1.98,0.99,0.27,6.0,2.04,0.26,-20.1,1.1,0.63,936155.59,62535.44,1
F0403,91.09,Drip,Wheat,4.72,0.54,0.96,5.3,2.62,0.44,27.7,0.0,0.58,736606.36,8086.58,0
F0404,54.0,Flood,Rice,3.66,0.65,0.36,4.5,3.17,0.26,26.5,2.7,0.42,254087.14,4705.32,0
F0405,95.03,Flood,Cotton,2.26,0.07,0.52,7.2,1.44,0.48,-48.8,4.9,0.64,582215.19,6126.65,0
F0406,28.87,Flood,Rice,1.27,0.28,0.19,7.0,3.23,0.88,29.8,0.8,0.68,629322.22,21798.48,0
F0407,12.01,Sprinkler,Cotton,2.06,0.93,0.5,8.4,0.96,0.73,-10.9,3.6,0.97,133975.56,11155.33,0
F0408,33.97,Sprinkler,Cotton,3.58,0.3,0.87,5.9,2.74,0.08,-30.4,3.9,0.87,240661.15,7084.52,0
F0409,44.12,Drip,Cotton,2.02,0.19,0.72,5.4,2.6,0.81,-10.8,4.6,0.29,178645.59,4049.08,0
F0410,80.62,Sprinkler,Maize,3.87,0.57,0.66,5.8,2.78,0.26,-27.7,3.1,0.87,630045.14,7815.0,0
F0411,69.01,Sprinkler,Wheat,1.12,0.6,0.33,7.0,1.69,0.52,49.0,3.9,0.63,281618.47,4080.84,0
F0412,9.84,Flood,Rice,1.75,0.82,0.89,8.1,3.44,0.42,29.1,3.7,0.47,502789.51,51096.49,1
F0413,44.6,Flood,Wheat,2.45,0.97,0.15,4.9,2.33,0.42,28.0,1.4,0.13,45456.42,1019.2,0
F0414,95.1,Drip,Soybean,2.09,0.95,1.0,8.3,1.49,0.94,-17.6,1.5,0.91,509049.03,5352.78,0
F0415,5.16,Flood,Maize,2.46,0.26,0.37,5.3,2.53,0.32,16.8,1.7,0.91,783162.88,151775.75,1
F0416,30.51,Sprinkler,Soybean,1.25,0.3,0.16,4.7,1.27,0.63,-31.1,0.8,0.6,12995.13,425.93,0
F0417,56.45,Sprinkler,Maize,2.02,0.56,0.05,8.5,1.05,0.58,48.8,2.8,0.42,378045.16,6696.99,0
F0418,84.54,Flood,Wheat,1.76,0.08,0.06,6.8,0.55,0.02,-0.7,2.4,0.51,650470.19,7694.23,0
F0419,89.57,Flood,Wheat,2.54,0.66,0.18,5.8,1.19,0.79,-26.4,4.9,0.04,169720.12,1894.83,0
F0420,65.13,Drip,Cotton,2.3,0.36,0.74,7.2,2.42,0.48,-20.3,0.5,0.63,411837.86,6323.32,0
F0421,37.65,Drip,Cotton,1.93,0.41,0.43,5.1,2.39,0.17,-28.9,2.8,0.56,872888.28,23184.28,0
F0422,48.84,Flood,Cotton,2.35,0.46,0.02,7.7,2.55,0.11,-45.1,0.2,0.78,855516.18,17516.71,0
F0423,56.49,Drip,Cotton,1.03,0.98,0.93,7.8,2.74,0.16,-48.3,3.4,0.59,628627.22,11128.12,0
F0424,74.23,Drip,Wheat,1.28,0.64,0.0,6.3,3.27,0.02,-29.7,2.9,0.1,117755.11,1586.35,0
F0425,33.71,Drip,Soybean,2.96,0.25,0.81,5.9,2.04,0.63,31.1,4.5,0.39,563201.75,16707.26,0
F0426,49.93,Drip,Maize,2.63,0.95,0.46,8.4,0.59,0.12,3.1,2.3,0.44,127911.88,2561.82,0
F0427,99.3,Flood,Rice,1.82,0.71,0.28,6.0,0.58,0.39,12.9,4.4,0.23,833684.22,8395.61,0
F0428,86.12,Flood,Rice,2.71,0.45,0.5,7.8,1.6,0.88,23.9,2.8,0.12,953181.04,11068.06,0
F0429,64.25,Drip,Wheat,1.45,0.09,0.29,5.1,3.45,0.77,12.2,3.0,0.01,738619.78,11496.03,0
F0430,4.42,Flood,Rice,2.79,0.63,0.18,6.8,2.6,0.81,-21.5,2.9,0.6,310779.0,70311.99,1
F0431,54.41,Flood,Wheat,2.52,0.59,0.96,5.2,2.75,0.64,-0.2,2.1,0.51,316220.37,5811.81,0
F0432,10.84,Drip,Rice,3.55,0.48,0.29,4.7,1.53,0.28,-18.6,4.6,0.2,213211.02,19668.91,0
F0433,18.24,Flood,Rice,1.83,0.62,0.39,5.1,0.53,0.52,-35.7,0.6,0.31,75814.38,4156.49,0
F0434,30.46,Drip,Rice,2.22,0.7,0.77,8.5,2.23,0.05,29.1,2.4,0.16,634349.5,20825.66,0
F0435,40.84,Flood,Wheat,3.25,0.97,0.73,4.8,0.79,0.76,-14.9,2.8,0.18,933339.36,22853.56,0
F0436,50.48,Drip,Maize,4.98,0.5,0.73,5.8,2.87,0.91,49.6,1.6,0.91,126632.02,2508.56,0
F0437,4.63,Sprinkler,Cotton,3.74,0.38,0.79,5.1,0.76,0.21,15.2,1.3,0.65,605169.71,130706.2,1
F0438,91.02,Sprinkler,Maize,3.5,0.1,0.99,6.5,2.5,0.23,36.2,0.4,1.0,688221.61,7561.21,0
F0439,95.15,Flood,Maize,2.93,0.65,0.76,4.5,2.22,0.82,5.3,0.1,0.23,483717.33,5083.73,0
F0440,55.74,Drip,Cotton,3.13,0.47,0.87,4.5,1.76,0.49,32.9,2.4,0.04,579648.4,10399.15,0
F0441,71.22,Flood,Wheat,2.88,0.69,0.37,6.6,1.72,0.15,40.0,1.6,0.38,984046.44,13817.0,0
F0442,62.89,Drip,Soybean,4.5,0.92,0.75,7.2,2.95,0.69,-3.1,0.2,0.35,354719.9,5640.32,0
F0443,13.77,Flood,Rice,3.32,0.65,0.05,7.3,2.99,0.07,41.1,0.7,0.99,931085.38,67616.95,1
F0444,92.91,Flood,Maize,4.18,0.32,0.71,8.2,3.26,0.47,-5.5,0.4,0.88,484520.52,5214.94,0
F0445,11.39,Drip,Wheat,3.07,0.98,0.23,5.4,3.42,0.13,38.4,2.7,0.15,694197.13,60947.95,1
F0446,85.15,Flood,Soybean,2.43,0.28,0.11,5.7,0.85,0.71,-5.0,4.8,0.77,301081.49,3535.9,0
F0447,39.02,Sprinkler,Rice,2.29,0.6,0.81,5.9,0.84,0.08,-21.9,4.0,0.16,602431.08,15439.03,0
F0448,25.31,Sprinkler,Rice,2.06,0.64,0.48,7.1,1.49,0.81,-30.1,3.1,0.66,664506.77,26254.71,0
F0449,46.62,Flood,Cotton,1.59,0.2,0.81,6.4,2.96,0.88,-4.4,0.4,0.61,494154.24,10599.62,0
F0450,87.5,Flood,Soybean,1.97,0.3,0.6,6.7,2.85,0.55,17.5,3.5,0.02,252766.36,2888.76,0
F0451,29.77,Sprinkler,Wheat,1.28,0.0,0.83,4.8,1.69,0.54,-42.6,4.4,0.96,771343.71,25910.1,0
F0452,88.44,Drip,Maize,4.46,0.61,0.81,5.3,3.35,0.99,16.0,1.7,0.2,562658.85,6362.04,0
F0453,29.05,Flood,Soybean,4.35,0.96,0.92,4.7,0.67,0.81,0.8,3.6,0.6,363084.87,12498.62,0
F0454,57.83,Sprinkler,Wheat,3.31,0.19,0.82,6.8,3.31,0.16,14.9,1.3,0.3,233603.72,4039.49,0
F0455,1.36,Flood,Rice,2.92,0.44,0.74,7.0,2.16,0.82,30.2,3.9,0.33,580737.15,427012.61,1
F0456,57.29,Drip,Wheat,4.7,0.89,0.53,7.5,2.3,0.98,-4.8,2.0,0.48,887425.38,15490.06,0
F0457,27.37,Flood,Cotton,2.24,0.34,0.12,7.0,3.21,0.91,13.8,4.4,0.59,87506.52,3197.17,0
F0458,56.27,Sprinkler,Wheat,4.52,0.84,0.86,5.3,3.28,0.89,-32.6,1.3,0.65,54806.0,973.98,0
F0459,1.56,Drip,Wheat,1.1,0.65,0.36,6.0,2.87,0.44,-14.8,0.8,0.78,630455.3,404138.01,1
F0460,42.86,Sprinkler,Maize,1.59,0.61,0.47,5.5,2.07,0.38,-18.9,3.4,0.95,411021.18,9589.85,0
F0461,61.94,Flood,Soybean,4.56,0.49,0.29,5.8,2.37,0.67,1.7,3.7,0.66,462328.83,7464.14,0
F0462,64.29,Drip,Cotton,3.84,0.21,0.94,6.5,2.32,0.39,34.7,4.1,0.23,550268.27,8559.16,0
F0463,82.05,Drip,Cotton,4.04,0.54,0.31,6.3,3.11,0.4,-11.4,3.6,0.04,830005.97,10115.86,0
F0464,24.79,Flood,Rice,3.77,0.03,0.18,5.4,3.37,0.24,-27.2,1.0,0.38,523299.93,21109.32,0
F0465,73.83,Drip,Maize,2.22,0.69,0.21,5.8,3.46,0.62,-8.6,1.9,0.79,275050.26,3725.45,0
F0466,43.25,Flood,Soybean,3.72,0.58,0.12,5.1,2.36,0.09,-28.6,0.4,0.86,531003.6,12277.54,0
F0467,92.9,Sprinkler,Maize,2.48,0.04,0.63,5.7,3.24,0.59,11.7,2.5,0.34,214616.41,2310.19,0
F0468,80.84,Drip,Rice,1.35,0.08,0.67,4.8,0.86,0.86,5.7,1.6,0.63,525034.04,6494.73,0
F0469,54.71,Drip,Maize,1.03,0.2,0.42,6.3,2.53,0.8,15.7,3.8,0.47,320657.81,5861.05,0
F0470,12.03,Sprinkler,Cotton,1.71,0.56,0.62,6.7,2.23,0.96,23.1,0.1,0.1,564665.18,46938.09,0
F0471,77.62,Sprinkler,Maize,2.71,0.14,0.79,7.3,3.11,0.46,-49.8,0.6,0.53,91414.59,1177.72,0
F0472,56.15,Drip,Cotton,4.24,0.33,0.38,7.2,2.76,0.18,-34.7,2.1,0.3,199055.32,3545.06,0
F0473,39.04,Drip,Cotton,4.97,0.81,0.9,5.4,2.1,0.78,34.5,2.8,0.41,122583.88,3139.96,0
F0474,22.11,Drip,Soybean,3.9,0.26,0.21,6.5,3.31,0.1,40.4,1.3,0.93,877190.14,39673.91,1
F0475,86.17,Flood,Cotton,3.78,0.22,0.02,6.2,1.96,0.85,-42.6,2.5,0.19,530660.2,6158.29,0
F0476,36.56,Drip,Cotton,2.14,0.75,0.52,6.7,3.35,0.63,30.7,0.0,0.1,666590.96,18232.79,0
F0477,19.72,Flood,Cotton,2.95,0.81,0.29,5.9,1.5,0.87,-5.2,4.9,0.5,791089.77,40116.11,0
F0478,57.19,Sprinkler,Rice,3.71,0.17,0.1,7.1,1.93,0.5,-2.6,2.5,0.81,448173.43,7836.57,0
F0479,65.71,Drip,Rice,3.8,0.14,0.76,6.4,2.5,0.07,23.2,1.2,0.25,276423.77,4206.72,0
F0480,93.34,Drip,Cotton,2.02,0.01,0.53,5.0,1.11,0.38,-49.2,0.1,0.68,383027.78,4103.58,0
F0481,59.92,Flood,Soybean,2.17,0.48,0.11,6.6,1.16,0.36,2.4,4.8,0.41,147072.67,2454.48,0
F0482,22.48,Flood,Cotton,3.03,0.33,0.69,4.8,1.34,0.06,-34.6,4.0,0.51,606172.17,26964.95,0
F0483,85.74,Flood,Maize,1.98,0.41,0.32,4.7,1.75,0.6,47.8,0.5,0.38,510844.28,5958.06,0
F0484,48.43,Flood,Maize,2.7,0.18,0.91,5.8,3.21,0.6,-45.4,2.4,0.6,697252.48,14397.12,0
F0485,76.91,Flood,Cotton,4.18,0.25,0.51,5.7,1.42,0.12,-24.7,3.7,0.82,338965.5,4407.3,0
F0486,6.68,Flood,Soybean,2.68,0.78,0.88,8.1,1.84,0.57,-34.9,2.2,0.35,628984.44,94159.35,1
F0487,52.34,Sprinkler,Cotton,1.21,0.79,0.49,7.5,2.64,0.41,-6.4,4.8,0.52,910787.69,17401.37,0
F0488,80.17,Sprinkler,Wheat,1.99,0.8,0.64,5.7,1.66,0.72,-44.9,2.9,0.66,467284.34,5828.67,0
F0489,52.13,Sprinkler,Soybean,1.46,0.23,0.11,7.1,1.53,0.98,-11.5,1.8,0.72,927324.91,17788.7,0
F0490,44.06,Sprinkler,Wheat,2.25,0.36,0.68,8.4,0.98,0.45,9.6,3.7,0.66,934197.61,21202.85,0
F0491,29.9,Flood,Soybean,4.53,0.66,0.45,7.6,1.08,0.61,-3.3,1.2,0.12,202654.41,6777.74,0
F0492,86.75,Sprinkler,Rice,3.51,0.65,0.11,5.1,3.25,0.89,31.0,3.5,0.57,746773.77,8608.34,0
F0493,25.74,Sprinkler,Wheat,4.64,0.82,0.62,6.6,1.22,0.56,8.4,4.1,0.16,95598.86,3714.02,0
F0494,88.9,Flood,Soybean,3.62,0.21,0.25,8.1,1.25,0.58,-36.0,0.0,0.96,262105.38,2948.32,0
F0495,79.32,Drip,Soybean,4.16,0.18,0.22,6.6,2.62,0.06,-9.4,2.8,0.29,852404.12,10746.4,0
F0496,29.11,Sprinkler,Cotton,1.11,0.75,0.34,7.8,3.04,0.81,-48.8,3.0,0.36,102951.45,3536.64,0
F0497,47.18,Drip,Wheat,2.49,0.09,0.27,5.2,3.27,0.04,-48.5,3.3,0.32,218906.02,4639.81,0
F0498,3.48,Flood,Maize,4.4,0.17,0.92,7.8,2.95,0.57,0.8,0.1,0.96,499042.13,143402.91,1
F0499,22.06,Drip,Rice,1.36,0.26,0.93,6.0,0.73,0.75,38.7,4.5,0.12,522337.92,23678.06,0
F0500,91.48,Flood,Rice,3.52,0.03,0.14,7.0,0.53,1.0,-1.5,3.2,0.58,340979.09,3727.36,0
F0501,43.87,Flood,Maize,4.44,0.84,0.16,6.7,2.83,0.57,6.5,2.9,0.61,601216.56,13704.5,0
F0502,31.41,Drip,Cotton,1.77,0.09,0.66,7.6,0.64,0.02,29.1,1.5,0.11,575754.22,18330.28,0
F0503,45.72,Flood,Cotton,3.02,0.98,0.61,6.1,3.28,0.57,-7.5,1.1,0.89,468594.75,10249.23,0
F0504,78.44,Sprinkler,Wheat,4.3,0.53,0.98,6.7,3.01,0.29,5.5,0.5,0.54,440651.78,5617.69,0
F0505,96.85,Drip,Maize,3.07,0.27,0.59,5.4,2.16,0.28,2.1,4.4,0.1,19709.95,203.51,0
F0506,18.94,Drip,Soybean,2.52,0.66,0.81,4.6,3.32,0.0,-42.7,4.5,0.45,551853.82,29136.95,1
F0507,64.0,Drip,Soybean,3.99,0.86,0.87,7.9,2.96,0.76,-14.8,1.9,0.7,436029.0,6812.95,0
F0508,60.08,Sprinkler,Cotton,4.61,0.28,0.15,7.0,2.21,0.08,-35.1,4.9,0.06,10966.07,182.52,0
F0509,92.25,Sprinkler,Cotton,4.83,0.89,0.32,6.0,1.16,0.68,-38.3,4.8,0.86,932589.98,10109.38,0
F0510,33.84,Sprinkler,Cotton,1.8,0.01,0.11,7.8,1.67,0.3,-25.0,3.7,0.02,468820.12,13854.02,0
F0511,80.77,Flood,Rice,2.09,0.66,0.67,7.5,1.49,0.81,7.2,0.9,0.56,585716.09,7251.65,0
F0512,22.94,Sprinkler,Maize,1.07,0.24,0.68,6.4,0.99,0.1,-15.9,4.6,0.07,905117.22,39455.85,1
F0513,75.86,Flood,Soybean,4.04,0.45,0.64,6.8,0.99,0.65,27.9,1.2,0.71,521509.47,6874.63,0
F0514,78.07,Flood,Soybean,4.71,0.87,0.8,8.4,2.49,0.07,20.3,2.0,0.79,924067.46,11836.4,0
F0515,10.01,Drip,Cotton,2.46,0.4,0.58,4.7,3.29,0.57,-12.2,0.2,0.28,212021.38,21180.96,0
F0516,30.22,Flood,Rice,2.72,0.74,0.01,5.7,0.62,0.51,-30.1,1.6,0.87,355758.41,11772.28,0
F0517,31.09,Flood,Cotton,1.21,0.67,0.81,8.2,2.07,0.21,-28.1,4.6,0.19,857947.1,27595.6,0
F0518,43.7,Drip,Wheat,4.79,0.61,0.39,8.2,1.15,0.23,-34.7,0.8,0.05,75137.27,1719.39,0
F0519,56.99,Sprinkler,Wheat,3.76,0.02,0.47,6.4,2.48,0.18,41.8,0.6,0.47,800424.42,14045.0,0
F0520,90.57,Drip,Rice,3.76,0.74,0.51,7.5,0.67,0.59,-49.1,0.8,0.8,229332.55,2532.1,0
F0521,43.99,Flood,Wheat,4.76,0.75,0.5,8.4,2.82,0.74,-31.0,4.4,0.02,908069.34,20642.63,0
F0522,48.18,Drip,Cotton,4.8,0.77,0.37,5.0,3.04,0.73,33.1,1.6,0.61,391945.47,8135.02,0
F0523,25.38,Drip,Cotton,3.56,0.6,0.44,7.5,3.08,0.83,-22.5,4.7,0.34,849851.46,33485.09,0
F0524,8.23,Sprinkler,Soybean,3.48,0.29,0.23,5.8,1.32,0.38,23.3,4.2,0.53,157664.23,19157.26,0
F0525,9.95,Flood,Wheat,1.06,0.67,0.02,7.1,1.82,0.27,11.0,3.6,0.98,851784.56,85606.49,1
F0526,70.05,Sprinkler,Rice,2.32,0.35,0.33,4.6,1.26,0.82,24.5,0.2,0.51,287966.52,4110.87,0
F0527,29.26,Flood,Cotton,3.12,0.72,0.73,8.3,1.78,0.06,17.0,4.3,0.28,145196.09,4962.27,0
F0528,37.98,Drip,Maize,4.6,0.29,0.11,6.4,3.17,0.65,25.8,0.6,0.21,603071.72,15878.67,0
F0529,41.53,Flood,Rice,3.76,0.76,0.8,6.3,2.78,0.52,22.1,2.1,0.74,295983.48,7126.98,0
F0530,48.86,Drip,Rice,2.16,0.15,0.95,5.2,2.55,0.26,-9.6,0.5,0.79,167499.07,3428.14,0
F0531,42.96,Flood,Cotton,4.62,0.22,0.5,8.0,1.52,1.0,9.5,1.9,0.99,953498.89,22195.04,0
F0532,61.98,Flood,Rice,3.86,0.74,0.49,7.0,0.84,0.0,-4.6,0.6,0.76,594062.36,9584.74,0
F0533,56.82,Flood,Rice,4.55,0.41,0.84,8.2,0.79,0.96,41.8,1.9,0.87,59070.43,1039.61,0
F0534,87.19,Flood,Maize,3.97,0.96,0.84,5.3,1.87,0.35,6.0,4.5,0.67,911455.98,10453.68,0
F0535,67.49,Flood,Rice,1.56,0.73,0.04,4.5,0.6,0.25,26.3,0.3,0.73,428321.35,6346.44,0
F0536,47.74,Sprinkler,Soybean,1.75,0.08,0.39,8.1,0.51,0.82,45.5,3.5,0.96,347972.69,7288.91,0
F0537,18.62,Sprinkler,Maize,2.4,0.61,0.28,5.9,2.71,0.32,-7.3,3.1,0.33,520783.5,27969.04,0
F0538,23.51,Flood,Cotton,1.82,0.54,0.71,5.2,1.56,0.11,48.0,2.6,0.93,92851.77,3949.46,0
F0539,22.83,Drip,Rice,1.81,0.87,0.32,7.6,1.07,0.17,47.8,1.0,0.34,621239.26,27211.53,0
F0540,83.71,Sprinkler,Maize,4.42,0.45,0.91,8.2,1.95,0.97,36.4,1.1,0.44,481764.52,5755.16,0
F0541,45.64,Sprinkler,Rice,1.91,0.21,0.29,5.8,0.92,0.75,-6.8,3.6,0.79,7468.09,163.63,0
F0542,22.34,Flood,Wheat,1.4,0.2,0.33,6.5,1.88,0.46,25.2,4.6,0.35,558043.2,24979.55,0
F0543,76.78,Flood,Rice,4.62,0.89,0.68,5.2,0.86,0.06,21.1,3.0,0.74,864028.25,11253.3,0
F0544,80.69,Flood,Soybean,4.71,0.26,0.98,6.3,2.56,0.46,-22.4,1.8,0.62,384332.96,4763.08,0
F0545,92.41,Flood,Maize,2.31,0.33,0.1,5.3,1.42,0.31,31.4,4.8,0.39,218306.62,2362.37,0
F0546,3.89,Sprinkler,Rice,4.26,0.16,0.01,6.2,0.88,0.43,-21.2,3.8,0.92,841593.51,216347.95,1
F0547,22.26,Flood,Soybean,1.62,0.5,0.97,6.4,3.31,0.03,-46.3,4.1,0.69,897027.02,40297.71,1
F0548,43.6,Drip,Rice,2.31,0.04,0.5,7.0,1.3,0.64,45.3,4.4,0.06,175167.4,4017.6,0
F0549,11.53,Drip,Soybean,4.96,0.36,0.8,5.4,2.35,0.75,49.0,4.0,0.71,735367.56,63778.63,1
F0550,4.48,Sprinkler,Wheat,1.95,0.4,0.44,7.5,3.17,0.78,-44.8,2.9,0.07,979048.89,218537.7,1
F0551,28.99,Drip,Wheat,4.9,0.82,0.03,4.6,0.98,0.02,-31.7,2.0,0.13,524156.32,18080.59,0
F0552,62.24,Sprinkler,Wheat,4.83,0.78,0.89,6.2,3.33,0.85,9.4,1.7,0.7,958310.85,15397.03,0
F0553,96.63,Flood,Cotton,3.44,0.61,0.21,7.2,2.83,0.79,45.2,1.4,0.0,704320.6,7288.84,0
F0554,1.69,Sprinkler,Maize,1.77,0.06,0.85,6.4,1.4,0.66,-26.1,2.6,0.63,194809.94,115272.15,1
F0555,78.02,Sprinkler,Cotton,3.94,0.47,0.33,5.8,1.76,0.11,-9.3,2.5,0.48,318531.42,4082.69,0
F0556,41.72,Drip,Cotton,1.14,1.0,0.7,8.2,0.62,0.9,27.8,1.4,0.62,144881.29,3472.71,0
F0557,49.06,Sprinkler,Soybean,2.88,0.51,0.38,7.9,2.27,0.2,-5.6,0.2,0.04,919733.15,18747.11,0
F0558,72.93,Flood,Cotton,3.81,0.24,0.53,7.3,1.33,0.07,45.7,1.3,0.2,738650.44,10128.21,0
F0559,23.98,Sprinkler,Maize,3.7,0.18,0.68,6.2,2.23,0.68,-26.3,3.8,0.57,49988.3,2084.58,0
F0560,24.5,Drip,Cotton,2.16,0.48,0.75,8.0,2.5,0.32,39.5,3.3,0.14,39002.33,1591.93,0
F0561,99.17,Drip,Cotton,1.05,0.09,0.22,6.1,3.01,0.95,36.8,3.8,0.94,702360.52,7082.39,0
F0562,50.71,Drip,Soybean,2.4,0.72,0.51,4.6,2.33,0.07,-49.9,4.8,0.48,366351.03,7224.43,0
F0563,20.04,Sprinkler,Soybean,3.48,0.63,0.61,6.3,2.54,0.41,-17.0,5.0,0.07,698177.47,34839.2,0
F0564,73.01,Drip,Wheat,4.7,0.03,0.32,7.9,2.77,0.82,42.1,2.8,0.63,916722.13,12556.12,0
F0565,28.77,Flood,Soybean,1.68,0.33,0.08,4.8,1.6,0.5,4.5,0.3,0.14,934892.87,32495.41,0
F0566,25.74,Flood,Cotton,2.11,0.05,0.28,7.5,1.46,0.84,11.6,3.7,0.86,748164.99,29066.24,0
F0567,70.73,Sprinkler,Maize,1.68,0.08,0.41,6.5,3.28,0.79,-7.5,4.6,0.06,579945.0,8199.42,0
F0568,18.35,Drip,Maize,1.76,0.64,0.4,5.6,1.72,0.25,-49.1,4.6,0.6,480011.85,26158.68,0
F0569,45.21,Drip,Wheat,4.37,0.04,0.68,7.2,1.46,0.72,-37.9,1.6,0.05,259426.65,5738.26,0
F0570,57.91,Drip,Rice,2.62,0.22,0.61,5.7,2.42,0.28,48.4,2.6,0.16,852824.76,14726.73,0
F0571,20.6,Drip,Cotton,3.71,0.8,0.88,4.7,3.0,0.54,15.3,3.1,0.59,779341.96,37832.13,0
F0572,80.06,Sprinkler,Soybean,1.67,0.06,0.61,8.3,2.62,0.63,23.9,0.8,0.25,802809.34,10027.6,0
F0573,75.27,Sprinkler,Wheat,2.83,0.84,0.98,5.2,3.09,0.71,45.6,2.1,0.64,970782.64,12897.34,0
F0574,45.05,Flood,Soybean,4.35,0.52,0.25,5.4,2.11,0.25,48.4,5.0,0.73,74837.46,1661.21,0
F0575,45.27,Drip,Wheat,4.4,0.57,0.29,6.3,2.48,0.4,-39.7,2.8,0.56,836499.8,18478.02,0
F0576,86.71,Flood,Soybean,3.43,0.33,0.64,6.8,1.59,0.87,-47.6,1.3,0.19,186485.37,2150.68,0
F0577,20.18,Drip,Rice,1.93,0.17,0.55,4.6,3.31,0.97,-43.3,3.8,0.35,450187.45,22308.6,0
F0578,51.21,Sprinkler,Wheat,3.46,0.39,0.44,7.7,2.29,0.28,-2.4,3.0,0.2,884139.07,17264.97,0
F0579,88.26,Sprinkler,Rice,1.38,0.95,0.18,7.1,1.52,0.87,16.9,3.4,0.29,752655.48,8527.71,0
F0580,63.17,Sprinkler,Wheat,2.6,0.1,0.29,4.7,0.95,0.85,-19.6,1.9,0.74,74630.23,1181.42,0
F0581,28.18,Sprinkler,Rice,4.35,0.42,0.74,5.7,1.37,0.95,36.8,0.3,0.64,953147.34,33823.54,0
F0582,4.06,Flood,Soybean,1.94,0.9,0.91,6.3,2.05,0.81,4.8,3.5,0.77,106349.13,26194.37,0
F0583,12.05,Drip,Wheat,4.74,0.8,0.4,4.6,1.01,0.99,19.7,1.4,0.09,326924.68,27130.68,0
F0584,22.21,Flood,Cotton,4.88,0.13,0.57,6.2,0.96,0.45,17.8,0.4,0.86,145835.4,6566.2,0
F0585,4.0,Sprinkler,Cotton,4.43,0.41,0.57,7.6,1.78,0.63,-31.2,4.4,0.03,134623.41,33655.85,0
F0586,70.37,Drip,Cotton,2.77,0.78,0.22,7.4,2.02,0.78,38.8,0.1,0.89,990035.69,14069.0,0
F0587,18.62,Drip,Soybean,3.12,0.47,0.1,8.1,2.25,0.24,-14.0,2.5,0.69,139200.98,7475.89,0
F0588,96.49,Sprinkler,Soybean,1.32,0.15,0.82,6.3,2.1,0.54,-12.8,4.3,0.68,665574.73,6897.86,0
F0589,85.53,Drip,Rice,3.87,0.37,0.65,5.2,3.05,0.87,-40.6,2.1,0.94,749418.13,8762.05,0
F0590,46.53,Flood,Soybean,3.41,0.71,0.44,5.8,1.82,0.34,20.0,1.2,0.72,732761.39,15748.15,0
F0591,55.8,Flood,Wheat,4.23,0.31,0.55,5.5,0.5,0.06,39.0,2.6,0.58,502585.43,9006.91,0
F0592,91.05,Drip,Maize,2.03,0.94,0.69,6.3,2.69,0.41,-12.4,1.4,0.93,311145.86,3417.31,0
F0593,78.61,Flood,Rice,1.54,0.52,0.24,5.5,2.29,0.47,19.6,2.5,0.36,450559.32,5731.58,0
F0594,5.54,Flood,Cotton,3.92,0.11,0.34,5.4,1.89,0.2,14.4,3.6,0.68,528665.77,95427.03,1
F0595,96.11,Sprinkler,Wheat,1.18,0.55,0.32,6.7,2.95,0.11,40.6,2.0,0.88,888420.78,9243.79,0
F0596,2.35,Drip,Rice,2.34,0.57,0.0,4.5,1.46,0.98,3.0,0.2,0.33,441979.51,188076.39,1
F0597,41.47,Sprinkler,Wheat,4.17,0.8,0.66,7.5,2.04,0.98,-6.4,0.8,0.51,77105.25,1859.3,0
F0598,17.55,Drip,Wheat,2.54,0.85,0.29,4.6,2.63,0.86,-40.7,3.3,0.39,671738.08,38275.67,0
F0599,56.05,Flood,Wheat,2.69,0.03,0.3,4.7,3.17,0.48,-40.3,4.5,0.7,714901.28,12754.71,0
F0600,48.67,Sprinkler,Soybean,2.54,0.62,0.46,7.4,1.09,0.95,20.3,0.7,0.24,210557.74,4326.23,0
F0601,14.05,Sprinkler,Wheat,1.42,0.56,0.09,7.1,2.48,0.05,-18.5,4.1,0.05,141417.59,10065.31,0
F0602,44.52,Flood,Cotton,1.83,0.26,0.43,5.3,2.38,0.53,-31.7,3.2,0.94,615954.32,13835.45,0
F0603,18.05,Sprinkler,Wheat,1.32,0.05,0.33,5.0,2.57,0.62,47.5,4.9,0.31,965901.43,53512.54,1
F0604,71.08,Sprinkler,Soybean,3.57,0.66,0.02,6.4,2.91,0.88,-38.4,1.6,0.79,202158.4,2844.1,0
F0605,6.25,Sprinkler,Cotton,4.77,0.14,0.12,5.1,2.27,0.59,7.9,5.0,0.13,993403.82,158944.61,1
F0606,3.64,Sprinkler,Soybean,4.06,0.76,0.52,6.0,0.82,0.54,41.8,3.7,0.72,666159.81,183010.94,1
F0607,77.43,Drip,Wheat,2.43,0.82,0.9,6.6,0.92,0.77,20.3,0.3,0.09,914581.97,11811.73,0
F0608,30.26,Flood,Maize,3.93,0.08,0.59,6.5,2.75,0.92,-28.2,1.4,0.24,661453.36,21859.0,0
F0609,30.73,Sprinkler,Maize,1.65,0.25,0.88,5.4,2.84,0.09,20.9,2.9,0.05,331201.22,10777.78,0
F0610,75.78,Flood,Soybean,4.63,0.68,0.28,4.8,2.75,0.01,-46.8,0.6,0.73,612770.74,8086.18,0
F0611,37.02,Sprinkler,Cotton,1.87,0.06,0.46,5.4,2.18,0.3,38.1,1.4,0.46,46525.06,1256.75,0
F0612,98.02,Flood,Soybean,3.45,0.56,0.68,7.6,2.32,0.45,-41.4,3.7,0.26,436969.98,4457.97,0
F0613,59.49,Drip,Maize,1.19,0.65,0.96,7.0,0.53,0.24,-43.4,2.7,0.43,204191.3,3432.36,0
F0614,46.19,Flood,Rice,2.49,0.6,0.15,5.1,0.81,0.14,-3.9,1.6,0.82,955115.66,20677.97,0
F0615,96.11,Drip,Maize,4.7,0.37,0.1,8.4,0.76,0.63,1.7,1.9,0.34,288777.11,3004.65,0
F0616,71.16,Sprinkler,Rice,3.67,0.39,0.48,6.0,0.78,0.12,-24.9,0.7,0.75,512607.71,7203.59,0
F0617,92.72,Flood,Cotton,3.96,0.12,0.71,4.6,0.68,0.5,-12.6,4.9,0.56,109123.39,1176.91,0
F0618,58.15,Drip,Cotton,3.9,0.07,0.1,5.5,1.08,0.33,-20.6,4.7,0.11,895786.84,15404.76,0
F0619,64.77,Sprinkler,Maize,4.37,0.28,0.41,5.8,2.51,0.01,-29.8,4.3,0.51,31233.31,482.22,0
F0620,17.54,Sprinkler,Maize,3.88,0.02,0.09,6.1,2.71,0.68,23.0,0.4,0.88,875800.07,49931.59,0
F0621,22.03,Drip,Soybean,4.67,0.9,0.62,5.1,1.59,0.43,14.6,4.0,0.9,533502.17,24217.08,0
F0622,75.3,Sprinkler,Maize,2.9,0.96,0.79,7.5,1.91,0.64,43.9,4.7,0.86,842777.87,11192.27,0
F0623,26.1,Flood,Maize,4.08,0.01,0.22,4.7,2.54,0.61,-30.5,4.7,0.33,230527.62,8832.48,0
F0624,58.04,Drip,Soybean,2.79,0.11,0.69,7.7,1.91,0.21,28.2,4.0,0.7,869609.24,14982.93,0
F0625,49.75,Flood,Soybean,2.55,0.35,0.46,8.0,2.87,0.02,28.2,4.7,0.95,612129.18,12304.1,0
F0626,97.39,Drip,Rice,4.55,0.3,0.25,5.8,1.59,0.26,-25.1,2.1,0.87,591235.77,6070.81,0
F0627,99.78,Sprinkler,Cotton,4.51,0.94,0.46,4.8,2.01,0.02,-13.1,3.6,0.18,69693.35,698.47,0
F0628,9.85,Sprinkler,Wheat,1.04,0.28,0.41,5.7,3.0,0.37,25.3,1.5,0.21,945063.09,95945.49,1
F0629,54.18,Flood,Soybean,4.43,0.64,0.08,6.2,2.56,0.23,2.6,2.4,0.61,821351.87,15159.69,0
F0630,46.95,Drip,Wheat,2.22,0.18,0.24,8.4,2.64,0.72,-44.2,0.1,0.7,559704.93,11921.3,0
F0631,79.68,Flood,Rice,4.3,0.15,0.38,7.4,3.3,0.12,32.2,0.7,0.81,818299.55,10269.82,0
F0632,22.7,Flood,Cotton,3.73,0.32,0.11,5.4,2.67,0.07,36.8,3.2,0.23,707788.8,31180.12,1
F0633,81.25,Sprinkler,Soybean,4.17,0.03,0.89,4.6,0.67,0.13,-22.3,4.9,0.28,299796.46,3689.8,0
F0634,93.0,Sprinkler,Soybean,2.69,0.27,0.33,6.9,2.42,0.13,-1.4,4.8,0.83,273096.62,2936.52,0
F0635,92.6,Drip,Wheat,2.19,0.21,0.44,7.5,1.26,0.99,-38.4,1.7,0.54,631460.73,6819.23,0
F0636,15.76,Drip,Cotton,2.11,0.78,0.76,7.9,3.01,0.14,-41.5,1.5,0.29,83729.03,5312.76,0
F0637,15.97,Flood,Rice,2.21,0.82,0.87,4.6,0.56,0.88,-10.8,3.2,0.97,854208.97,53488.35,0
F0638,66.7,Flood,Wheat,4.93,0.42,0.44,6.8,2.56,0.55,5.7,2.7,0.53,113219.5,1697.44,0
F0639,11.78,Sprinkler,Maize,4.6,0.27,0.91,7.2,2.01,0.04,35.4,2.0,0.16,291916.24,24780.67,0
F0640,75.87,Flood,Maize,1.24,0.11,0.48,6.2,3.47,0.04,-10.2,0.1,0.67,906467.93,11947.65,0
F0641,93.23,Sprinkler,Wheat,1.52,0.06,0.27,5.2,1.51,0.93,37.9,4.9,0.08,360367.54,3865.36,0
F0642,99.95,Sprinkler,Maize,3.67,0.55,0.84,6.8,3.41,0.96,37.2,0.8,0.76,646423.65,6467.47,0
F0643,70.35,Drip,Rice,1.86,0.21,0.79,7.6,2.22,0.14,8.1,1.2,0.79,331542.04,4712.75,0
F0644,87.86,Sprinkler,Maize,4.07,0.56,0.8,8.4,0.59,0.25,49.9,2.8,0.58,549658.28,6256.07,0
F0645,44.47,Sprinkler,Maize,4.11,0.36,0.16,5.4,1.05,0.52,21.2,3.7,0.2,790976.82,17786.75,0
F0646,71.61,Drip,Maize,4.43,0.93,0.46,6.6,2.05,0.42,42.0,0.7,0.83,700707.17,9785.05,0
F0647,27.72,Drip,Cotton,1.47,0.11,0.02,6.6,2.31,0.53,-31.4,1.8,0.6,974160.82,35142.89,0
F0648,55.79,Drip,Cotton,3.19,0.31,0.53,5.2,2.51,0.43,18.7,2.5,0.61,439106.69,7870.71,0
F0649,29.96,Sprinkler,Wheat,2.03,0.21,0.69,8.1,2.33,0.73,-15.4,4.7,0.39,593935.49,19824.28,0
F0650,56.85,Sprinkler,Maize,2.93,0.83,0.51,4.7,0.86,0.11,39.5,0.8,0.62,36774.1,646.86,0
F0651,61.13,Drip,Rice,3.67,0.38,0.75,7.2,0.99,0.44,-43.1,0.0,0.74,355274.78,5811.79,0
F0652,74.54,Flood,Wheat,2.94,0.28,0.73,7.8,1.72,0.58,-38.1,4.5,0.03,883140.1,11847.87,0
F0653,15.68,Drip,Wheat,3.31,0.22,0.37,5.8,3.47,0.95,27.3,2.8,0.07,714219.48,45549.71,0
F0654,18.72,Flood,Rice,3.21,0.21,0.71,4.6,2.42,0.68,45.1,3.3,0.21,769649.53,41113.76,1
F0655,46.05,Flood,Cotton,4.21,0.63,0.08,8.2,1.91,0.89,-41.4,0.3,0.13,123740.04,2687.08,0
F0656,9.88,Drip,Wheat,2.03,0.63,0.42,7.1,3.13,0.8,6.7,2.6,0.22,490295.56,49625.06,0
F0657,15.33,Drip,Rice,2.74,0.62,0.6,7.9,1.88,0.1,40.9,1.2,0.11,162372.33,10591.8,0
F0658,59.78,Sprinkler,Wheat,1.72,0.65,1.0,6.8,2.37,0.41,-8.3,2.0,0.63,173060.3,2894.95,0
F0659,85.11,Drip,Cotton,4.3,0.64,0.1,4.7,0.5,0.21,16.1,1.0,0.48,19010.26,223.36,0
F0660,92.51,Drip,Maize,3.84,0.82,0.9,5.4,2.61,0.44,33.1,2.9,0.34,874396.97,9451.92,0
F0661,48.86,Flood,Soybean,1.73,0.51,0.06,5.0,1.29,0.59,44.2,3.7,0.15,996951.74,20404.25,0
F0662,6.98,Flood,Soybean,3.92,0.51,0.9,5.5,0.84,0.92,-16.4,4.6,0.52,874367.69,125267.58,1
F0663,23.89,Sprinkler,Maize,1.28,0.24,0.76,6.7,0.89,0.88,36.2,0.4,0.99,504081.01,21100.08,0
F0664,95.11,Sprinkler,Maize,1.14,0.84,0.0,5.2,2.41,0.63,45.2,1.6,0.25,996465.24,10476.98,0
F0665,27.79,Drip,Soybean,2.81,0.51,0.29,6.0,1.82,0.63,-15.6,4.2,0.02,165838.82,5967.57,0
F0666,63.07,Sprinkler,Soybean,1.22,0.83,0.78,5.8,1.2,0.94,19.4,2.4,0.57,523870.58,8306.18,0
F0667,36.92,Drip,Soybean,3.52,0.05,0.56,7.5,1.69,0.55,-9.1,3.9,0.17,555406.28,15043.51,0
F0668,26.89,Drip,Rice,2.21,0.66,0.15,7.9,2.29,0.53,2.8,4.5,0.26,358707.35,13339.8,0
F0669,46.64,Sprinkler,Cotton,2.62,0.61,0.66,4.7,3.07,0.43,0.0,0.8,0.88,818952.88,17559.02,0
F0670,5.05,Flood,Wheat,2.14,0.98,0.26,5.0,2.05,0.87,6.9,0.4,0.65,291105.48,57644.65,0
F0671,5.79,Drip,Wheat,1.09,0.61,0.34,6.2,3.27,0.91,-38.0,2.6,0.72,838012.43,144734.44,1
F0672,8.62,Sprinkler,Soybean,1.7,0.51,0.05,8.0,0.92,0.19,43.9,3.7,0.45,958431.78,111186.98,1
F0673,55.84,Flood,Wheat,2.37,0.25,0.81,6.8,2.51,0.15,20.2,4.7,0.12,179066.34,3206.78,0
F0674,93.65,Sprinkler,Maize,2.16,0.74,0.25,5.9,1.07,0.93,-29.3,0.5,0.74,51535.2,550.3,0
F0675,23.57,Drip,Soybean,4.84,0.14,0.03,6.8,1.61,0.65,36.4,1.9,0.47,148334.82,6293.37,0
F0676,36.66,Flood,Soybean,3.85,0.47,0.03,5.6,2.94,0.16,-48.4,4.3,0.97,338771.3,9240.9,0
F0677,44.29,Drip,Cotton,3.18,0.71,0.88,4.9,1.97,0.68,2.5,3.4,0.21,55441.96,1251.79,0
F0678,21.98,Sprinkler,Wheat,2.71,0.91,0.88,6.3,1.81,0.43,-15.1,1.8,0.02,245730.69,11179.74,0
F0679,87.15,Drip,Cotton,2.89,0.53,0.99,5.3,0.84,0.46,-9.8,0.3,0.31,902985.28,10361.28,0
F0680,24.11,Sprinkler,Soybean,2.19,0.23,0.22,8.0,2.34,0.0,-27.1,4.5,0.22,377936.27,15675.5,0
F0681,85.81,Flood,Maize,1.29,0.91,0.83,6.0,0.92,0.75,-13.8,2.1,0.27,184185.19,2146.43,0
F0682,74.7,Sprinkler,Soybean,4.26,0.53,0.29,4.5,2.61,0.95,24.3,1.5,0.56,910596.11,12190.04,0
F0683,62.57,Flood,Soybean,3.42,0.33,0.74,5.9,3.24,0.89,-23.9,0.3,0.6,170844.79,2730.46,0
F0684,11.31,Drip,Wheat,2.59,0.99,0.59,6.4,1.54,0.82,5.6,0.0,0.68,915851.31,80977.13,1
F0685,7.77,Sprinkler,Cotton,3.27,0.57,0.53,4.6,2.88,0.45,11.7,4.9,0.88,735955.41,94717.56,1
F0686,44.87,Drip,Wheat,3.36,0.57,0.8,5.1,3.43,0.42,31.0,5.0,0.66,564160.14,12573.21,0
F0687,80.04,Sprinkler,Wheat,4.41,0.17,0.57,7.3,0.57,0.47,16.6,3.0,0.1,906376.02,11324.04,0
F0688,67.49,Sprinkler,Cotton,3.17,0.33,0.82,8.1,2.23,0.28,-5.2,4.8,0.78,906963.93,13438.49,0
F0689,50.6,Flood,Wheat,4.84,0.89,0.05,6.3,0.95,0.64,0.1,2.1,0.46,563633.84,11139.01,0
F0690,27.97,Drip,Rice,4.98,0.15,0.15,6.3,2.99,0.18,-16.1,1.4,0.42,264579.61,9459.41,0
F0691,5.23,Sprinkler,Soybean,3.29,0.84,0.69,7.3,2.72,0.19,-43.9,5.0,0.61,80969.68,15481.77,0
F0692,71.31,Flood,Maize,3.3,0.34,0.95,5.0,3.35,0.16,-30.5,0.1,0.52,127980.13,1794.7,0
F0693,63.65,Drip,Soybean,3.02,0.09,0.09,8.0,3.32,0.59,1.9,4.9,0.16,266698.82,4190.08,0
F0694,20.78,Drip,Cotton,1.56,0.99,0.63,7.2,1.53,0.09,-40.6,3.6,0.63,110016.47,5294.34,0
F0695,83.36,Sprinkler,Rice,2.18,0.11,0.85,4.7,0.77,0.02,8.2,2.9,0.18,522601.13,6269.21,0
F0696,73.68,Sprinkler,Soybean,4.96,0.17,0.95,8.3,2.76,0.18,-1.4,2.2,0.35,656453.4,8909.52,0
F0697,27.37,Sprinkler,Cotton,3.18,0.88,0.59,6.2,2.21,0.88,12.4,2.5,0.95,280869.52,10261.95,0
F0698,48.61,Drip,Soybean,2.97,0.01,0.36,7.9,1.54,0.04,-15.8,3.1,0.2,427575.39,8796.04,0
F0699,92.32,Flood,Rice,4.29,0.76,0.48,7.8,2.45,0.93,24.2,1.1,0.71,996567.93,10794.71,0
F0700,47.27,Drip,Soybean,2.31,0.93,0.23,6.9,2.52,0.32,13.5,0.3,0.84,390632.57,8263.86,0
F0701,70.41,Sprinkler,Maize,3.31,0.65,0.91,7.0,2.78,0.73,44.4,0.5,0.87,679417.29,9649.44,0
F0702,90.29,Drip,Maize,2.96,0.51,0.16,8.4,1.02,0.4,-15.9,4.9,0.11,547193.57,6060.4,0
F0703,30.12,Flood,Maize,4.91,0.84,0.31,8.0,3.29,0.48,9.3,2.6,0.65,396961.86,13179.34,0
F0704,47.88,Sprinkler,Soybean,2.08,0.18,0.61,7.2,1.8,0.76,29.0,4.9,0.19,561240.2,11721.81,0
F0705,49.06,Flood,Maize,1.64,0.92,0.26,6.1,0.76,0.1,40.8,4.4,0.89,32805.9,668.69,0
F0706,32.27,Drip,Rice,2.04,0.99,0.27,6.1,1.21,0.03,2.6,1.8,0.46,824587.96,25552.77,0
F0707,48.36,Drip,Rice,2.29,0.27,0.54,5.9,1.37,0.7,-49.9,1.4,0.87,185081.23,3827.16,0
F0708,52.14,Flood,Maize,3.79,0.75,0.25,7.8,2.11,0.65,11.5,4.4,0.33,10122.78,194.15,0
F0709,88.12,Sprinkler,Maize,2.01,0.61,0.09,4.6,3.45,0.43,39.6,2.6,0.35,554709.04,6294.93,0
F0710,7.08,Sprinkler,Maize,2.84,0.96,0.33,6.0,0.59,0.1,-19.9,2.8,0.61,35422.79,5003.22,0
F0711,54.06,Flood,Maize,3.54,0.61,0.13,7.5,1.19,0.84,14.8,0.6,0.92,13598.19,251.54,0
F0712,30.95,Sprinkler,Soybean,4.76,0.38,1.0,7.1,0.85,0.13,15.5,3.2,0.23,62430.17,2017.13,0
F0713,51.92,Flood,Rice,1.98,0.15,0.72,4.7,2.4,0.63,-25.3,3.1,0.74,339959.02,6547.75,0
F0714,15.11,Sprinkler,Soybean,4.55,0.51,0.69,4.6,3.21,0.49,11.9,2.9,0.93,757486.2,50131.45,0
F0715,97.66,Sprinkler,Soybean,3.52,0.77,0.38,4.9,3.37,0.77,39.2,3.2,0.49,340286.39,3484.4,0
F0716,33.33,Drip,Soybean,2.38,0.4,0.19,7.2,1.62,0.93,-2.4,1.7,0.07,952273.36,28571.06,0
F0717,14.67,Drip,Rice,4.68,0.66,0.99,7.3,1.71,0.04,-47.9,3.7,0.79,570810.29,38910.04,1
F0718,37.53,Flood,Rice,4.99,0.43,0.81,6.4,1.02,0.6,-45.3,3.9,0.04,640515.3,17066.75,0
F0719,37.96,Flood,Maize,4.19,0.48,0.67,5.9,2.25,0.83,-29.0,5.0,0.52,138178.16,3640.1,0
F0720,88.61,Drip,Cotton,4.6,0.75,0.91,7.3,0.51,0.71,25.5,0.8,0.34,349477.3,3943.99,0
F0721,22.49,Drip,Maize,1.95,0.08,0.61,5.0,0.53,0.96,30.1,0.4,0.38,950244.87,42251.88,0
F0722,53.64,Flood,Maize,2.77,0.27,0.64,7.1,0.89,0.12,-21.9,1.3,0.04,447012.29,8333.56,0
F0723,48.17,Sprinkler,Rice,4.75,0.8,0.22,6.6,1.82,0.29,-35.8,2.4,0.93,446838.23,9276.28,0
F0724,94.86,Flood,Wheat,4.1,0.07,0.35,5.5,2.6,0.83,-29.7,3.5,0.04,612423.59,6456.08,0
F0725,58.41,Drip,Maize,4.47,0.88,0.86,7.3,3.33,0.45,24.1,5.0,0.38,376056.27,6438.22,0
F0726,71.71,Flood,Soybean,4.19,0.46,0.0,6.7,2.97,0.41,-36.1,1.5,0.61,435967.26,6079.59,0
F0727,39.65,Drip,Rice,1.46,0.73,0.64,7.0,0.99,0.76,19.5,3.8,0.59,330853.75,8344.36,0
F0728,79.95,Sprinkler,Cotton,2.28,0.63,0.16,6.6,0.84,0.95,-20.0,2.9,0.59,71449.68,893.68,0
F0729,9.34,Drip,Cotton,2.63,0.69,0.87,6.9,2.77,0.47,48.3,0.6,0.58,885614.54,94819.54,1
F0730,97.06,Sprinkler,Cotton,4.23,0.64,0.71,7.9,3.41,0.89,-30.5,0.8,0.03,575759.02,5931.99,0
F0731,10.7,Drip,Soybean,1.11,0.83,0.8,7.1,2.54,0.48,-12.7,1.9,0.18,82449.51,7705.56,0
F0732,76.67,Drip,Rice,3.63,0.89,0.01,7.2,2.81,0.11,-25.1,1.7,0.91,178983.16,2334.46,0
F0733,76.27,Flood,Rice,1.64,0.43,0.62,6.7,3.1,0.51,4.6,2.1,0.48,204326.66,2678.99,0
F0734,67.58,Sprinkler,Rice,2.8,0.68,0.16,6.4,2.59,0.12,15.0,2.6,0.61,7755.69,114.76,0
F0735,43.34,Sprinkler,Wheat,4.24,0.46,0.73,7.5,3.4,0.05,49.1,3.9,0.2,649290.91,14981.33,0
F0736,65.45,Drip,Wheat,3.02,0.86,0.08,7.0,2.68,0.91,-6.4,3.5,0.12,718761.01,10981.83,0
F0737,11.04,Drip,Rice,2.42,0.55,0.56,8.0,0.54,0.76,44.9,4.5,0.53,829973.95,75178.8,1
F0738,48.52,Drip,Wheat,1.15,0.52,0.63,6.7,1.44,0.47,-17.3,2.8,0.18,548674.77,11308.22,0
F0739,17.49,Drip,Cotton,2.66,0.2,0.57,7.4,2.42,0.57,-34.1,4.0,0.66,917543.58,52461.04,1
F0740,7.56,Sprinkler,Rice,4.72,0.07,0.29,6.9,1.32,0.04,12.1,1.1,0.37,80672.96,10671.03,0
F0741,58.52,Sprinkler,Maize,4.79,0.34,0.07,4.8,1.25,0.26,18.0,2.8,0.45,496693.39,8487.58,0
F0742,4.45,Flood,Wheat,2.73,0.23,0.86,6.8,1.07,0.75,-46.3,2.9,0.93,524356.47,117832.91,1
F0743,81.15,Sprinkler,Maize,2.81,0.29,0.94,8.0,1.01,0.72,0.2,4.9,0.94,300000.85,3696.87,0
F0744,96.83,Drip,Rice,1.96,0.41,0.77,7.2,1.35,0.78,0.6,4.4,0.39,448113.77,4627.84,0
F0745,19.37,Drip,Rice,2.52,0.44,0.91,6.4,2.72,0.18,1.9,3.2,0.95,404446.64,20880.05,0
F0746,99.82,Drip,Cotton,4.82,0.84,0.49,6.1,2.63,0.23,8.9,3.5,0.5,300330.49,3008.72,0
F0747,34.05,Flood,Cotton,4.8,0.3,0.42,6.7,2.48,0.99,35.0,4.9,0.79,34266.39,1006.36,0
F0748,64.29,Sprinkler,Maize,4.78,0.91,0.16,6.2,0.96,0.45,-19.8,3.6,0.35,784410.61,12201.13,0
F0749,70.48,Flood,Maize,1.25,0.15,0.78,6.4,2.23,0.86,-36.9,2.0,0.29,412379.81,5851.02,0
F0750,76.66,Sprinkler,Maize,4.3,0.12,0.85,5.5,2.66,0.81,-39.3,0.8,0.48,119462.09,1558.34,0
F0751,36.76,Drip,Soybean,3.8,0.2,0.34,7.7,0.54,0.99,11.9,0.3,0.98,100648.29,2737.98,0
F0752,51.07,Drip,Cotton,1.85,0.17,0.29,5.9,2.79,0.18,-19.3,4.5,0.69,897169.78,17567.45,0
F0753,82.22,Sprinkler,Wheat,3.19,0.02,0.59,5.9,0.7,0.44,14.9,2.4,0.49,983029.22,11956.08,0
F0754,49.44,Flood,Maize,4.07,0.96,0.32,7.8,2.72,0.3,28.5,1.7,0.13,932229.16,18855.77,0
F0755,67.9,Drip,Wheat,2.99,0.54,0.08,7.0,2.58,0.08,-44.7,0.4,0.36,225800.55,3325.49,0
F0756,52.86,Drip,Maize,4.0,0.96,0.06,5.2,2.03,0.99,30.2,3.8,0.4,874438.12,16542.53,0
F0757,64.11,Drip,Soybean,1.7,0.94,0.59,6.0,2.64,0.24,29.3,2.1,0.81,132332.5,2064.15,0
F0758,55.96,Drip,Rice,4.0,0.86,0.17,7.1,2.82,0.81,49.6,2.9,0.18,208268.89,3721.75,0
F0759,74.55,Drip,Rice,4.05,0.37,0.94,6.4,3.04,0.79,-27.2,0.9,0.28,204270.81,2740.05,0
F0760,96.86,Drip,Cotton,3.95,0.57,0.38,7.9,1.32,0.73,4.3,4.7,0.14,956618.13,9876.3,0
F0761,23.86,Sprinkler,Cotton,3.16,0.61,0.73,5.4,0.77,0.7,-38.9,4.9,0.25,800717.23,33558.98,0
F0762,58.31,Flood,Soybean,4.58,0.23,0.0,5.5,2.92,0.24,16.6,4.5,0.79,643338.96,11033.08,0
F0763,5.34,Drip,Soybean,3.69,0.03,0.53,4.8,2.53,0.74,-28.5,0.3,0.65,832908.6,155975.39,1
F0764,71.66,Sprinkler,Soybean,3.16,0.25,0.21,7.9,2.41,0.3,-48.0,5.0,0.02,515292.52,7190.8,0
F0765,26.21,Drip,Soybean,4.5,0.66,0.81,7.7,2.18,0.17,6.3,4.0,0.36,275162.82,10498.39,0
F0766,52.42,Drip,Maize,3.37,0.47,0.32,6.9,2.07,0.53,11.6,3.7,0.07,320176.11,6107.9,0
F0767,48.11,Drip,Rice,1.76,0.83,0.76,6.7,2.69,0.08,-33.8,1.0,1.0,262500.35,5456.25,0
F0768,32.32,Flood,Soybean,1.45,0.65,0.25,6.3,2.13,0.19,19.9,4.5,0.08,51596.47,1596.43,0
F0769,88.78,Sprinkler,Cotton,2.49,0.93,0.84,7.4,0.73,0.56,12.1,0.4,0.56,474482.59,5344.48,0
F0770,75.33,Flood,Cotton,2.53,0.42,0.67,6.9,0.64,0.1,-40.0,4.4,0.67,822355.2,10916.7,0
F0771,42.48,Sprinkler,Maize,1.22,0.73,0.63,5.3,0.61,0.75,46.6,1.5,0.72,617681.75,14540.53,0
F0772,90.4,Sprinkler,Rice,3.75,0.62,0.63,7.5,2.59,0.47,16.7,5.0,0.72,611469.69,6764.05,0
F0773,35.1,Flood,Rice,2.65,0.6,0.58,7.9,3.25,0.56,34.5,1.2,0.62,185349.62,5280.62,0
F0774,47.43,Flood,Soybean,2.68,0.53,0.53,5.1,2.83,0.31,0.4,0.7,0.93,843740.08,17789.16,0
F0775,35.87,Drip,Soybean,1.02,0.21,0.02,4.6,1.92,0.16,30.9,2.1,0.36,798773.79,22268.58,0
F0776,40.59,Sprinkler,Rice,2.74,0.38,0.89,7.8,1.59,0.85,-48.2,0.4,0.34,861915.16,21234.67,0
F0777,81.7,Drip,Maize,4.81,0.29,0.63,5.0,0.91,0.98,13.1,4.2,0.71,690520.05,8451.9,0
F0778,52.48,Drip,Rice,3.31,0.82,0.63,7.0,2.39,0.73,-0.9,0.0,0.57,557153.69,10616.5,0
F0779,40.2,Sprinkler,Cotton,4.09,0.92,0.38,8.5,1.6,0.93,-10.1,3.0,0.53,445312.64,11077.43,0
F0780,92.21,Sprinkler,Rice,3.67,0.62,0.59,8.2,3.05,1.0,41.6,2.4,0.01,821641.22,8910.54,0
F0781,3.95,Sprinkler,Cotton,4.37,0.33,0.05,6.2,1.05,0.03,-23.0,0.7,0.89,194048.03,49126.08,1
F0782,99.79,Drip,Rice,3.74,0.64,0.0,8.2,2.58,0.79,46.6,3.6,0.65,244528.43,2450.43,0
F0783,46.15,Flood,Soybean,2.13,0.54,0.94,4.6,0.98,0.51,-3.5,2.2,0.54,227494.44,4929.46,0
F0784,76.27,Sprinkler,Rice,1.41,0.27,0.1,5.1,2.04,0.02,-37.2,0.8,0.85,696272.01,9129.04,0
F0785,6.96,Sprinkler,Soybean,4.41,0.15,0.66,5.6,2.9,0.78,28.1,2.8,0.53,982897.14,141220.85,1
F0786,79.73,Drip,Cotton,1.55,0.43,0.8,5.7,3.19,0.42,-13.9,0.3,0.99,446213.88,5596.56,0
F0787,46.07,Flood,Wheat,3.33,0.27,0.67,6.5,2.49,0.06,3.4,4.5,0.17,324357.44,7040.53,0
F0788,88.98,Sprinkler,Wheat,1.08,0.57,0.4,7.3,1.93,0.35,-22.2,1.5,0.69,551583.03,6198.96,0
F0789,29.13,Drip,Maize,3.15,0.94,0.92,8.4,0.59,0.77,40.5,1.6,0.5,185443.25,6366.06,0
F0790,7.44,Drip,Rice,4.29,0.39,0.34,8.3,2.87,0.7,11.4,1.0,0.73,57372.92,7711.41,0
F0791,34.22,Drip,Soybean,1.63,0.89,0.69,7.6,1.45,0.23,-41.8,4.7,0.59,204369.29,5972.22,0
F0792,27.69,Sprinkler,Maize,3.48,0.34,0.8,7.5,0.9,0.35,-0.3,2.8,0.04,325216.34,11744.9,0
F0793,90.89,Drip,Rice,2.56,0.81,0.94,5.4,0.82,0.24,-0.5,4.7,0.78,666352.66,7331.42,0
F0794,87.46,Flood,Wheat,4.28,0.19,0.92,6.3,3.12,0.39,22.7,2.2,0.05,592048.76,6769.37,0
F0795,36.16,Drip,Maize,1.28,0.34,0.66,8.1,3.45,0.9,12.7,3.9,0.78,574187.4,15879.08,0
F0796,55.41,Flood,Wheat,3.79,0.32,0.78,8.4,0.88,0.61,1.8,0.4,0.95,343288.57,6195.43,0
F0797,33.89,Sprinkler,Maize,4.24,0.74,0.42,7.4,3.0,0.46,32.5,3.5,0.18,797704.04,23538.04,0
F0798,12.43,Sprinkler,Soybean,1.1,0.71,0.28,8.3,3.19,0.65,-43.0,0.7,0.7,989470.97,79603.46,1
F0799,44.17,Drip,Wheat,3.44,0.72,0.04,7.6,2.68,0.82,12.5,3.7,0.92,827844.92,18742.24,0
F0800,90.23,Sprinkler,Soybean,4.34,0.25,0.09,8.5,3.12,0.51,1.1,0.8,0.45,940053.18,10418.41,0
F0801,18.75,Flood,Soybean,3.19,0.12,0.77,7.6,1.77,0.41,40.4,2.6,0.55,613822.76,32737.21,0
F0802,80.12,Drip,Rice,3.5,0.77,0.65,6.8,0.5,0.1,16.6,1.1,0.03,211065.85,2634.37,0
F0803,16.13,Flood,Wheat,1.71,0.39,0.63,5.6,1.38,0.76,23.0,4.6,0.95,164395.73,10191.92,0
F0804,99.37,Flood,Wheat,2.36,0.66,0.5,4.5,2.53,0.06,-37.0,0.1,0.1,229432.18,2308.87,0
F0805,94.99,Sprinkler,Maize,2.65,0.19,0.12,5.1,3.5,0.3,-49.4,2.9,0.52,100194.77,1054.79,0
F0806,66.4,Sprinkler,Cotton,1.98,0.21,0.79,5.8,0.68,0.9,-2.6,4.3,0.04,851134.87,12818.3,0
F0807,40.43,Drip,Rice,3.11,0.69,0.01,5.6,2.95,0.72,-9.7,4.7,0.27,584265.24,14451.28,0
F0808,87.85,Drip,Soybean,2.51,0.37,0.45,7.6,2.26,0.21,-20.7,3.9,0.25,338726.57,3855.74,0
F0809,10.56,Flood,Wheat,1.43,0.39,0.75,5.6,3.38,0.51,-37.0,0.7,0.22,879567.26,83292.35,1
F0810,24.81,Sprinkler,Maize,2.53,0.96,0.88,6.4,3.27,0.24,33.0,0.6,0.38,363452.13,14649.42,0
F0811,36.91,Sprinkler,Wheat,1.81,0.05,0.33,8.4,0.52,0.4,12.6,2.9,0.61,646655.27,17519.79,0
F0812,70.14,Sprinkler,Maize,2.74,0.94,0.61,8.0,1.9,0.22,-21.9,2.0,0.73,776445.74,11069.94,0
F0813,44.7,Sprinkler,Rice,2.6,0.87,0.49,4.7,1.31,0.29,-33.6,1.5,0.84,451769.28,10106.7,0
F0814,9.48,Flood,Cotton,3.81,0.58,0.88,8.1,1.38,0.07,1.1,1.3,0.6,440116.39,46425.78,0
F0815,26.25,Flood,Cotton,4.96,0.74,0.21,8.2,1.73,0.84,-3.0,2.3,0.93,256674.44,9778.07,0
F0816,67.9,Sprinkler,Cotton,4.05,0.2,0.5,6.7,2.51,0.62,22.6,2.8,0.74,120391.18,1773.07,0
F0817,62.01,Drip,Soybean,2.25,0.41,0.23,6.0,1.06,0.2,4.7,4.0,0.85,256502.67,4136.47,0
F0818,82.93,Drip,Rice,1.94,0.02,0.99,7.6,1.29,0.97,34.9,2.5,0.31,117902.33,1421.71,0
F0819,71.11,Drip,Soybean,3.24,0.4,0.23,6.5,2.77,0.16,-38.2,0.1,0.12,267991.12,3768.68,0
F0820,7.17,Flood,Wheat,3.84,0.98,0.93,6.6,3.0,0.8,-35.6,1.3,0.39,135009.44,18829.77,0
F0821,65.53,Flood,Maize,1.04,0.11,0.4,6.8,3.16,0.29,-40.7,2.2,0.6,267958.47,4089.1,0
F0822,69.85,Drip,Wheat,4.88,0.73,0.67,6.9,2.33,0.46,-18.6,1.4,0.77,865624.46,12392.62,0
F0823,41.6,Sprinkler,Wheat,2.68,0.73,0.22,5.7,1.46,0.52,-44.0,1.3,0.06,158816.28,3817.7,0
F0824,98.37,Sprinkler,Wheat,4.9,1.0,0.43,6.2,3.32,0.28,42.2,1.9,0.04,597506.5,6074.07,0
F0825,93.13,Sprinkler,Cotton,2.63,0.02,0.46,5.0,1.68,0.21,-46.6,3.6,0.87,295097.38,3168.66,0
F0826,9.53,Flood,Rice,1.93,0.33,0.43,8.0,2.2,0.4,-31.9,2.3,0.66,878863.72,92220.75,1
F0827,11.93,Flood,Maize,3.25,0.14,0.48,5.1,2.57,0.15,11.3,0.5,0.47,335784.91,28146.26,0
F0828,23.48,Drip,Soybean,2.6,0.14,0.27,7.8,0.65,0.44,-7.8,0.2,0.28,24008.95,1022.53,0
F0829,79.11,Sprinkler,Maize,1.61,0.31,0.94,8.0,1.28,0.78,29.9,3.6,0.78,443235.65,5602.78,0
F0830,84.24,Drip,Maize,2.24,0.74,0.54,5.8,3.37,0.82,-11.8,2.3,0.15,995863.76,11821.74,0
F0831,28.54,Flood,Maize,1.5,0.21,0.04,6.0,2.61,0.37,44.8,0.4,0.64,962941.98,33740.08,0
F0832,71.3,Drip,Wheat,1.61,0.92,0.19,5.9,2.35,0.58,-13.6,0.8,0.25,256392.26,3595.96,0
F0833,28.06,Sprinkler,Soybean,2.61,0.51,0.24,7.4,1.59,0.24,25.0,1.1,0.63,751892.96,26795.9,0
F0834,1.71,Flood,Cotton,4.47,0.9,0.49,7.6,1.36,0.91,45.5,3.6,0.45,143758.1,84069.06,1
F0835,51.48,Flood,Wheat,3.64,0.1,0.12,7.3,2.38,0.74,-21.9,1.2,0.28,825211.45,16029.75,0
F0836,30.33,Sprinkler,Rice,2.87,0.14,0.1,7.6,2.8,0.64,-23.8,1.2,0.3,412494.39,13600.21,0
F0837,10.76,Drip,Soybean,2.33,0.86,0.27,6.9,1.1,0.63,-15.7,4.8,0.82,504851.36,46919.27,0
F0838,44.9,Flood,Wheat,2.14,0.59,0.3,5.6,2.77,0.02,-41.0,1.3,0.04,786659.07,17520.25,0
F0839,38.83,Drip,Soybean,3.77,0.85,0.34,6.5,1.59,0.81,-1.9,4.6,0.78,945640.81,24353.36,0
F0840,5.93,Drip,Soybean,4.74,0.21,0.31,8.5,0.68,0.49,-4.3,0.9,0.42,38235.71,6447.84,0
F0841,61.39,Sprinkler,Soybean,2.81,0.8,0.09,6.7,3.44,0.14,-32.5,3.8,0.32,969326.37,15789.65,0
F0842,66.0,Sprinkler,Wheat,4.86,0.07,0.98,6.1,3.31,0.1,20.5,3.6,0.59,321253.42,4867.48,0
F0843,32.66,Sprinkler,Rice,3.51,0.46,0.66,4.8,1.93,0.97,-37.1,0.2,0.13,463221.32,14183.14,0
F0844,89.26,Sprinkler,Maize,3.09,0.78,0.95,8.1,2.14,0.59,40.6,1.1,0.41,128743.53,1442.34,0
F0845,69.55,Flood,Cotton,2.75,0.59,0.62,7.3,1.72,0.29,7.6,3.4,0.2,941837.49,13541.88,0
F0846,42.07,Drip,Wheat,1.51,0.96,0.03,7.4,1.18,0.03,11.3,4.8,0.49,140027.77,3328.45,0
F0847,70.85,Flood,Soybean,4.53,0.56,0.56,4.9,2.83,0.02,-49.6,2.2,0.87,453911.14,6406.65,0
F0848,24.49,Sprinkler,Maize,3.8,0.5,0.28,6.0,2.49,0.89,-22.3,0.4,0.38,873155.61,35653.56,0
F0849,98.33,Flood,Cotton,2.99,0.4,0.2,7.3,0.63,0.52,-32.7,1.4,0.56,484349.0,4925.75,0
F0850,52.28,Drip,Soybean,2.66,0.23,0.82,5.8,2.27,0.76,-15.5,4.6,0.27,92595.95,1771.15,0
F0851,59.6,Sprinkler,Maize,4.64,0.89,0.03,4.6,1.19,0.35,15.3,1.3,0.01,16007.77,268.59,0
F0852,82.19,Drip,Wheat,4.14,0.42,0.83,7.7,2.12,0.46,3.0,1.2,0.11,687461.35,8364.29,0
F0853,57.92,Flood,Maize,2.61,0.81,0.43,7.0,2.75,0.29,37.4,4.8,0.58,37795.53,652.55,0
F0854,25.16,Drip,Maize,2.75,0.93,0.1,7.4,0.8,0.22,-9.1,3.5,0.27,430509.07,17110.85,0
F0855,45.3,Drip,Wheat,3.77,0.16,0.77,5.2,3.26,0.65,38.9,4.6,1.0,138376.99,3054.68,0
F0856,99.23,Sprinkler,Cotton,2.01,0.64,0.32,8.3,2.17,0.43,10.2,2.6,0.3,331046.66,3336.15,0
F0857,8.86,Flood,Rice,2.5,0.7,0.62,5.5,1.93,0.59,-4.0,0.5,0.66,594811.13,67134.44,0
F0858,57.02,Flood,Maize,1.15,0.01,0.71,5.2,1.47,0.3,38.3,2.9,0.13,188907.89,3313.01,0
F0859,8.29,Drip,Maize,2.65,0.14,0.7,7.0,3.44,0.74,-5.1,2.3,0.88,318957.52,38474.97,0
F0860,75.3,Drip,Soybean,3.97,0.11,0.15,6.5,1.38,0.09,-5.8,1.2,0.78,377061.34,5007.45,0
F0861,26.75,Flood,Rice,2.05,0.44,0.99,7.7,3.17,0.32,38.8,4.5,0.98,660698.61,24699.01,0
F0862,22.07,Drip,Rice,1.02,0.68,0.47,6.7,1.64,0.65,-5.7,0.6,0.43,135892.59,6157.34,0
F0863,97.35,Sprinkler,Soybean,1.54,0.52,0.78,4.6,2.83,0.16,3.6,1.6,0.39,983398.41,10101.68,0
F0864,46.05,Sprinkler,Wheat,4.34,0.89,0.22,7.1,1.69,0.91,-29.2,2.0,0.29,237343.94,5154.05,0
F0865,35.53,Flood,Rice,1.09,0.67,1.0,5.9,0.87,0.38,21.2,1.9,0.99,815633.64,22956.2,0
F0866,28.88,Drip,Wheat,2.54,0.58,0.5,8.4,3.49,0.06,-48.0,1.0,0.32,256220.92,8871.92,0
F0867,75.46,Sprinkler,Soybean,2.08,0.63,0.99,7.4,0.89,0.51,-1.6,3.1,0.0,953764.78,12639.34,0
F0868,13.92,Sprinkler,Maize,2.0,0.69,0.17,8.2,1.74,0.33,36.1,2.7,0.77,193745.24,13918.48,0
F0869,45.3,Flood,Rice,4.1,0.92,0.26,7.7,1.28,0.95,-13.6,3.7,0.64,708162.55,15632.73,0
F0870,96.21,Drip,Rice,4.39,0.77,0.49,7.9,1.7,0.82,3.5,1.2,0.48,183786.44,1910.26,0
F0871,55.47,Flood,Rice,2.13,1.0,0.77,6.8,3.01,0.66,-36.0,3.9,0.67,820765.39,14796.56,0
F0872,42.84,Drip,Rice,3.86,0.75,0.69,8.3,3.33,0.47,42.3,0.8,0.68,96599.43,2254.89,0
F0873,52.12,Flood,Wheat,1.93,0.06,0.76,5.9,0.73,0.74,-2.0,4.3,0.79,576998.33,11070.57,0
F0874,91.91,Sprinkler,Rice,4.25,0.22,0.78,6.6,1.25,0.14,29.0,3.2,0.2,454294.91,4942.82,0
F0875,85.85,Sprinkler,Maize,3.85,0.93,0.8,5.8,2.71,0.94,15.0,1.9,0.98,998727.43,11633.4,0
F0876,80.86,Flood,Maize,4.02,0.79,0.57,7.6,1.57,0.26,13.8,4.0,0.15,568106.99,7025.81,0
F0877,41.31,Sprinkler,Wheat,2.81,0.9,0.03,5.0,3.43,0.73,15.2,1.2,0.1,871850.0,21105.06,0
F0878,90.0,Flood,Soybean,3.8,1.0,0.51,7.1,2.1,0.46,22.6,3.2,0.33,837381.69,9304.24,0
F0879,74.96,Sprinkler,Soybean,3.89,0.42,0.66,5.2,3.01,0.42,16.5,4.8,0.66,241551.52,3222.41,0
F0880,65.89,Drip,Wheat,4.26,0.67,0.07,4.5,1.4,0.28,3.8,0.5,0.1,537747.13,8161.29,0
F0881,1.77,Sprinkler,Cotton,2.99,0.14,0.52,8.5,3.2,0.1,13.7,3.9,0.59,72356.78,40879.54,1
F0882,96.28,Flood,Maize,3.35,0.32,0.9,5.6,3.07,0.55,-3.4,3.8,0.75,496330.72,5155.08,0
F0883,36.54,Flood,Maize,1.91,0.59,0.41,8.0,1.66,0.74,16.0,2.8,0.09,148254.03,4057.31,0
F0884,39.38,Sprinkler,Soybean,3.16,0.88,0.77,8.4,0.85,0.35,-39.9,0.3,0.44,847340.42,21517.02,0
F0885,15.4,Drip,Cotton,1.54,0.78,0.12,7.3,2.66,0.93,34.5,3.3,0.23,323414.04,21000.91,0
F0886,79.34,Sprinkler,Wheat,2.24,0.5,0.02,6.2,0.73,0.18,-21.7,1.0,0.39,658968.06,8305.62,0
F0887,80.13,Flood,Wheat,2.64,0.32,0.07,7.4,0.96,0.95,1.5,1.3,0.82,553750.58,6910.65,0
F0888,52.05,Drip,Maize,3.72,0.22,0.9,5.8,1.31,0.2,-14.9,0.1,0.22,943109.81,18119.3,0
F0889,62.73,Drip,Soybean,4.36,0.5,0.7,4.6,0.94,0.91,9.4,3.7,0.74,47992.19,765.06,0
F0890,61.04,Flood,Soybean,4.36,0.07,0.2,6.1,1.64,0.43,22.3,0.2,0.84,363548.13,5955.9,0
F0891,82.75,Sprinkler,Soybean,3.21,0.62,0.26,5.5,1.8,0.66,-29.3,1.0,0.06,954798.93,11538.36,0
F0892,6.27,Flood,Wheat,2.67,0.45,0.8,7.2,3.29,0.54,49.3,2.2,0.72,207181.69,33043.33,0
F0893,97.47,Sprinkler,Soybean,3.9,0.4,0.51,6.7,2.56,0.76,41.8,2.4,0.72,741645.45,7608.96,0
F0894,84.38,Drip,Rice,3.34,0.0,0.47,7.0,1.02,0.73,-29.3,3.6,0.27,164388.47,1948.19,0
F0895,90.4,Drip,Wheat,3.48,0.01,0.85,6.9,3.11,0.2,-11.5,3.4,0.31,564726.82,6246.98,0
F0896,95.22,Drip,Rice,3.17,0.07,0.75,4.6,0.99,0.16,40.1,1.6,0.34,120598.94,1266.53,0
F0897,33.94,Sprinkler,Maize,4.2,0.94,0.38,5.9,2.75,0.3,40.7,3.9,0.96,663037.55,19535.58,0
F0898,33.42,Drip,Rice,4.26,0.96,0.21,6.1,2.39,0.82,40.1,0.1,0.1,436183.38,13051.57,0
F0899,25.89,Flood,Wheat,2.57,0.4,0.46,8.2,2.95,0.76,23.9,4.7,0.19,680556.74,26286.47,0
F0900,7.42,Sprinkler,Cotton,1.6,0.7,0.73,7.0,1.29,0.15,-27.1,3.4,0.63,176493.09,23786.13,0
F0901,85.32,Sprinkler,Rice,1.31,0.07,0.7,4.8,3.25,0.14,-35.7,3.0,0.84,909575.23,10660.75,0
F0902,77.19,Drip,Maize,4.09,0.47,0.09,6.8,2.04,0.32,40.9,5.0,0.73,758320.72,9824.08,0
F0903,80.88,Flood,Wheat,3.39,0.8,0.73,8.4,1.77,0.77,-21.2,4.1,0.41,996019.57,12314.78,0
F0904,37.94,Sprinkler,Rice,2.07,0.59,0.69,5.0,3.03,0.17,-30.0,3.7,0.91,349724.16,9217.82,0
F0905,17.98,Drip,Rice,1.36,0.99,0.34,7.1,1.54,0.61,46.3,4.7,0.53,776117.59,43165.61,0
F0906,97.59,Flood,Maize,1.0,0.49,0.16,7.1,2.94,0.7,24.6,2.2,0.97,298321.01,3056.88,0
F0907,91.81,Drip,Rice,1.34,0.35,0.68,6.2,2.68,0.06,47.6,2.9,0.84,50998.99,555.48,0
F0908,82.41,Sprinkler,Cotton,2.94,0.21,0.86,4.7,1.13,0.31,-7.3,0.0,0.25,209547.63,2542.75,0
F0909,14.41,Flood,Maize,3.57,0.22,0.3,5.2,2.87,0.28,18.8,3.8,0.43,21948.31,1523.13,0
F0910,79.78,Flood,Maize,3.44,0.98,0.73,7.0,1.54,0.06,-23.2,0.0,0.89,354367.12,4441.8,0
F0911,4.69,Sprinkler,Soybean,2.57,0.28,0.38,5.2,3.24,0.77,-22.1,4.9,0.4,835517.35,178148.69,1
F0912,43.24,Sprinkler,Soybean,3.06,0.97,0.61,5.8,1.86,0.09,-14.1,0.6,0.68,999948.14,23125.54,0
F0913,91.95,Drip,Rice,4.01,0.82,0.71,5.9,1.23,0.83,41.9,3.3,0.34,477399.08,5191.94,0
F0914,83.6,Sprinkler,Soybean,4.97,0.43,0.65,8.2,2.21,0.29,43.4,3.8,0.6,396567.66,4743.63,0
F0915,39.47,Flood,Maize,3.91,0.68,0.19,7.9,1.69,0.96,-2.0,3.4,0.1,171448.95,4343.78,0
F0916,25.28,Flood,Soybean,2.67,0.58,0.52,5.3,2.01,0.29,-45.7,2.2,0.68,111203.87,4398.89,0
F0917,76.6,Drip,Maize,3.14,0.79,0.27,8.2,0.74,0.84,-2.8,2.7,0.71,813462.15,10619.61,0
F0918,5.0,Flood,Rice,3.92,0.03,0.77,6.8,2.68,0.24,-35.1,0.4,0.86,970104.22,194020.84,1
F0919,8.1,Drip,Maize,2.1,0.46,0.27,5.7,0.58,0.54,-21.1,4.3,0.1,282949.19,34932.0,0
F0920,10.77,Flood,Rice,4.73,0.81,0.23,5.8,3.4,0.92,-49.2,2.9,0.02,273676.65,25411.02,0
F0921,11.14,Flood,Maize,2.34,0.36,0.77,7.0,3.43,0.05,-28.6,3.9,0.94,844516.91,75809.42,1
F0922,29.42,Flood,Wheat,1.12,0.73,0.28,7.2,1.96,0.64,-31.2,1.9,0.25,313851.74,10667.97,0
F0923,68.03,Sprinkler,Soybean,1.37,0.03,0.78,5.2,2.98,0.99,-27.9,4.5,0.28,471980.75,6937.83,0
F0924,5.38,Sprinkler,Maize,1.59,0.78,0.92,6.2,0.94,0.83,39.0,2.4,0.24,860543.51,159952.33,1
F0925,89.21,Drip,Maize,3.24,0.25,0.72,6.0,3.06,0.02,-19.2,2.6,0.01,858493.72,9623.29,0
F0926,27.88,Drip,Soybean,3.02,0.76,0.83,6.7,1.08,0.73,10.1,2.5,0.89,18791.07,674.0,0
F0927,3.29,Drip,Maize,2.55,0.16,0.84,8.2,1.23,0.69,-41.8,1.5,0.64,889231.43,270283.11,1
F0928,92.53,Drip,Cotton,2.62,0.82,0.51,8.3,3.11,0.38,13.9,0.2,0.02,760840.83,8222.64,0
F0929,30.93,Sprinkler,Rice,3.62,0.59,0.55,7.8,0.94,0.28,-13.8,3.7,0.22,595156.7,19242.05,0
F0930,33.13,Drip,Maize,2.61,0.31,0.89,5.5,0.81,0.03,37.1,1.2,0.29,791081.47,23878.1,0
F0931,90.82,Sprinkler,Cotton,3.21,0.42,0.56,7.8,2.75,0.61,-39.7,1.3,0.79,690785.69,7606.1,0
F0932,18.34,Flood,Wheat,1.68,0.75,0.64,4.7,3.49,0.37,-4.4,4.6,0.23,552222.54,30110.28,0
F0933,19.36,Sprinkler,Cotton,4.21,0.38,0.58,5.7,2.37,0.13,20.8,1.5,0.85,778386.83,40205.93,0
F0934,67.45,Flood,Rice,3.59,0.6,0.31,7.7,1.36,0.89,-49.4,0.2,0.37,311191.16,4613.66,0
F0935,50.63,Flood,Maize,4.46,0.88,0.23,7.3,2.9,0.73,-4.7,4.8,0.99,839034.3,16571.88,0
F0936,57.79,Drip,Soybean,4.63,0.81,0.81,7.5,1.91,0.48,17.3,0.8,0.42,877849.87,15190.34,0
F0937,88.59,Sprinkler,Cotton,3.2,0.58,0.03,4.8,1.82,0.47,-6.1,4.5,0.38,18480.2,208.6,0
F0938,81.72,Drip,Soybean,2.13,0.83,0.96,4.8,1.55,0.02,-3.7,2.9,0.33,449432.59,5499.66,0
F0939,90.27,Flood,Rice,4.41,0.61,0.77,5.5,2.42,0.58,20.8,2.8,0.84,294841.94,3266.22,0
F0940,50.86,Sprinkler,Maize,2.04,0.42,0.96,6.6,1.42,0.62,-45.0,3.1,0.78,536589.21,10550.32,0
F0941,75.61,Sprinkler,Soybean,3.54,0.51,0.26,7.7,2.61,0.43,-21.8,1.5,0.92,213421.21,2822.66,0
F0942,4.7,Sprinkler,Wheat,4.15,0.74,0.41,4.9,2.26,0.9,0.0,3.4,0.94,825925.86,175728.91,1
F0943,16.86,Sprinkler,Wheat,2.09,0.48,0.1,7.0,2.61,0.23,41.6,4.6,0.3,808587.64,47958.93,1
F0944,66.01,Drip,Wheat,1.7,0.37,0.75,6.5,3.16,0.88,-34.1,1.6,0.79,354511.58,5370.57,0
F0945,74.92,Drip,Maize,3.15,0.95,0.87,6.8,3.02,0.62,36.7,3.9,0.34,482292.15,6437.43,0
F0946,53.07,Drip,Soybean,2.69,0.51,0.29,4.9,1.9,0.55,10.4,1.0,0.6,233214.34,4394.47,0
F0947,5.74,Flood,Cotton,3.3,0.52,0.26,5.4,1.12,0.31,-47.5,3.3,0.47,399622.16,69620.59,1
F0948,42.76,Sprinkler,Cotton,3.66,0.68,0.41,8.3,0.57,0.01,10.6,3.1,0.54,496401.49,11609.02,0
F0949,66.46,Drip,Maize,1.51,0.24,0.43,4.5,1.2,0.85,-21.4,0.1,0.62,74492.31,1120.86,0
F0950,42.24,Flood,Wheat,1.93,0.27,0.89,8.1,0.63,0.19,39.8,4.7,0.73,560507.47,13269.59,0
F0951,74.92,Sprinkler,Maize,3.05,0.47,0.17,8.4,2.46,0.24,-11.2,3.0,0.12,875336.39,11683.61,0
F0952,82.11,Drip,Rice,3.53,0.43,0.9,8.4,0.99,0.76,14.1,1.0,0.7,815661.68,9933.77,0
F0953,97.73,Drip,Maize,3.36,0.87,0.51,7.2,1.8,0.26,-38.5,3.1,0.42,965750.57,9881.82,0
F0954,11.48,Drip,Wheat,1.5,0.9,0.38,6.4,1.71,0.6,-8.1,3.5,0.62,130274.25,11347.93,0
F0955,77.55,Sprinkler,Rice,2.33,0.92,0.09,7.0,2.59,0.24,16.4,2.6,0.94,576948.65,7439.7,0
F0956,92.33,Drip,Wheat,2.63,0.01,0.87,7.8,1.44,0.6,-35.3,2.3,0.36,241241.55,2612.82,0
F0957,66.6,Drip,Maize,1.65,0.69,0.52,5.0,2.45,0.29,47.8,3.4,0.28,96179.33,1444.13,0
F0958,51.63,Sprinkler,Rice,1.44,0.83,0.78,4.9,2.68,0.55,-6.7,3.7,0.26,159144.77,3082.41,0
F0959,16.37,Drip,Cotton,3.54,0.57,0.24,6.6,1.48,0.1,21.8,2.0,0.87,7542.97,460.78,0
F0960,76.25,Sprinkler,Rice,4.58,0.6,0.94,5.7,3.11,0.86,-1.4,1.1,0.69,578585.61,7588.01,0
F0961,31.93,Drip,Cotton,1.39,0.2,0.34,7.8,0.6,0.71,8.3,0.4,0.87,151944.89,4758.69,0
F0962,83.73,Sprinkler,Wheat,4.82,0.78,0.83,4.5,2.19,0.96,5.7,1.8,0.62,745741.03,8906.5,0
F0963,8.77,Sprinkler,Wheat,4.83,0.77,0.93,6.1,0.86,0.98,10.3,2.0,0.6,86877.52,9906.22,0
F0964,61.16,Flood,Wheat,2.14,0.66,0.22,7.7,0.85,0.67,19.2,2.8,0.96,998619.87,16327.99,0
F0965,11.71,Drip,Maize,4.82,0.33,0.68,7.6,0.8,0.45,26.7,1.2,0.22,182020.37,15544.01,0
F0966,26.54,Flood,Rice,3.78,0.51,0.13,5.2,2.69,0.78,-24.4,2.3,0.99,995069.02,37493.18,0
F0967,16.62,Sprinkler,Maize,2.79,0.99,0.74,8.2,2.02,0.31,-20.3,4.4,0.39,207215.02,12467.81,0
F0968,31.56,Flood,Maize,4.47,0.37,0.33,5.9,1.0,0.6,-9.8,4.2,0.02,612084.6,19394.32,0
F0969,60.87,Drip,Soybean,2.35,0.01,0.5,4.7,0.52,0.75,-41.4,0.9,0.51,957670.18,15733.04,0
F0970,40.03,Flood,Maize,1.46,0.89,0.38,6.0,2.07,0.17,37.6,3.1,0.54,959478.05,23968.97,0
F0971,47.65,Drip,Rice,4.86,0.82,0.44,7.2,1.91,0.52,-9.6,2.3,0.41,990438.53,20785.7,0
F0972,53.6,Sprinkler,Rice,4.38,0.9,0.86,4.6,3.4,0.07,49.3,1.5,0.55,549015.58,10242.83,0
F0973,53.69,Flood,Cotton,1.82,0.26,0.45,6.2,2.26,0.9,44.5,0.2,0.13,590944.12,11006.6,0
F0974,66.92,Sprinkler,Wheat,3.51,0.91,0.16,7.6,1.05,0.02,31.2,4.6,0.08,331201.87,4949.22,0
F0975,49.33,Drip,Wheat,3.41,0.6,0.28,5.0,1.66,0.51,-18.6,4.5,0.15,942313.64,19102.24,0
F0976,52.57,Flood,Cotton,1.08,0.21,0.17,5.8,2.56,0.0,-27.4,4.3,0.29,668220.33,12711.06,0
F0977,31.61,Drip,Rice,1.88,0.38,0.39,6.5,2.87,1.0,17.4,4.2,0.96,477520.71,15106.63,0
F0978,96.9,Drip,Rice,1.88,0.21,0.0,6.9,0.6,0.43,31.3,3.8,0.14,35494.4,366.3,0
F0979,36.33,Drip,Soybean,2.08,0.0,0.72,8.3,1.79,0.36,17.6,0.2,0.47,699666.76,19258.65,0
F0980,46.73,Drip,Wheat,1.69,0.97,0.74,4.5,2.3,0.21,-29.3,1.7,0.68,21394.95,457.84,0
F0981,37.74,Flood,Soybean,1.41,0.51,0.06,5.0,2.97,0.68,43.5,1.1,0.51,585967.2,15526.42,0
F0982,70.12,Drip,Cotton,1.55,0.48,0.13,6.2,3.05,0.49,10.6,4.1,0.67,485840.79,6928.7,0
F0983,13.88,Drip,Soybean,2.8,0.59,0.77,6.9,2.98,0.96,-48.9,1.8,0.64,633095.56,45612.07,0
F0984,7.56,Flood,Soybean,3.02,0.37,0.81,8.0,2.97,0.22,-15.6,2.0,0.68,490197.95,64841.0,1
F0985,3.49,Sprinkler,Rice,3.01,0.67,0.42,7.7,2.9,0.22,-8.2,1.5,0.9,281569.45,80678.93,1
F0986,100.0,Flood,Maize,4.79,0.12,0.3,5.1,2.47,0.94,21.1,2.6,0.86,428626.36,4286.26,0
F0987,98.54,Drip,Wheat,4.51,0.64,0.34,5.4,2.64,0.52,8.6,2.7,0.28,890716.08,9039.13,0
F0988,52.36,Flood,Maize,1.69,0.04,0.22,7.5,1.25,0.44,31.8,1.4,0.37,48386.39,924.11,0
F0989,92.83,Sprinkler,Maize,3.42,0.71,0.39,5.3,2.46,0.79,22.4,1.2,0.44,644532.31,6943.15,0
F0990,16.71,Flood,Wheat,1.46,0.3,0.62,8.3,1.32,0.43,2.3,3.8,0.69,632212.62,37834.39,0
F0991,47.12,Flood,Maize,3.38,0.91,0.18,8.3,3.25,0.64,-25.5,3.6,0.73,496142.06,10529.33,0
F0992,85.8,Sprinkler,Soybean,1.05,0.73,0.97,7.8,0.75,0.87,14.8,3.5,0.03,176220.76,2053.86,0
F0993,43.37,Drip,Soybean,2.91,0.19,0.8,5.6,1.75,0.66,27.6,0.9,0.47,893428.84,20600.16,0
F0994,16.05,Flood,Cotton,3.26,0.29,0.73,8.1,2.04,0.94,42.9,1.5,0.28,905075.63,56391.0,1
F0995,82.86,Sprinkler,Rice,3.43,0.16,0.4,7.3,2.66,0.82,-2.9,2.1,0.75,309579.87,3736.18,0
F0996,57.19,Drip,Cotton,2.32,0.66,0.6,5.1,2.86,0.0,14.8,3.8,0.92,548069.81,9583.32,0
F0997,47.55,Flood,Cotton,2.63,0.21,0.5,5.4,0.59,0.23,35.6,2.7,0.76,474654.7,9982.22,0
F0998,61.87,Drip,Cotton,2.35,0.81,0.43,7.2,1.78,0.03,-41.7,0.1,0.8,171989.62,2779.85,0
F0999,77.96,Flood,Cotton,1.69,0.85,0.89,5.7,1.53,0.73,35.1,1.7,0.69,759322.62,9739.9,0
F1000,5.24,Sprinkler,Cotton,4.86,0.29,0.63,6.5,2.96,0.57,46.5,3.4,0.14,103415.41,19735.77,0
